id,channel_id,ad_campaign_id,creative_id,date,impressions,clicks,installs,cost,currency,created_at
1,2,1,,2026-05-26,71553,1164,121,2792.74,CNY,2026-01-25 02:16:15.283821
2,2,1,,2026-05-27,106778,2331,140,1695.00,CNY,2026-01-25 02:16:15.283821
3,2,1,,2026-05-28,120555,2160,258,2002.49,CNY,2026-01-25 02:16:15.283821
4,2,1,,2026-05-29,100115,1123,103,1195.71,CNY,2026-01-25 02:16:15.283821
5,2,1,,2026-05-30,185206,3417,214,401.14,CNY,2026-01-25 02:16:15.283821
6,2,1,,2026-05-31,181533,5151,265,2821.29,CNY,2026-01-25 02:16:15.283821
7,2,1,,2026-06-01,116685,2914,326,525.46,CNY,2026-01-25 02:16:15.283821
8,2,1,,2026-06-02,89227,3166,269,787.81,CNY,2026-01-25 02:16:15.283821
9,2,1,,2026-06-03,38564,1294,133,1039.01,CNY,2026-01-25 02:16:15.283821
10,2,1,,2026-06-04,136553,3155,227,2569.07,CNY,2026-01-25 02:16:15.283821
11,2,1,,2026-06-05,54761,1975,113,381.89,CNY,2026-01-25 02:16:15.283821
12,2,1,,2026-06-06,153751,2999,224,2189.92,CNY,2026-01-25 02:16:15.283821
13,2,1,,2026-06-07,116975,3798,332,2969.26,CNY,2026-01-25 02:16:15.283821
14,2,1,,2026-06-08,11053,209,24,1512.19,CNY,2026-01-25 02:16:15.283821
15,2,1,,2026-06-09,80995,2256,222,2157.84,CNY,2026-01-25 02:16:15.283821
16,2,1,,2026-06-10,195594,3048,165,336.36,CNY,2026-01-25 02:16:15.283821
17,2,1,,2026-06-11,63456,745,89,2417.43,CNY,2026-01-25 02:16:15.283821
18,2,1,,2026-06-12,150027,3430,235,1352.98,CNY,2026-01-25 02:16:15.283821
19,2,1,,2026-06-13,15432,228,27,2388.86,CNY,2026-01-25 02:16:15.283821
20,3,2,,2026-03-18,93899,2260,194,428.19,CNY,2026-01-25 02:16:15.283821
21,3,2,,2026-03-19,118493,4494,410,330.39,CNY,2026-01-25 02:16:15.283821
22,3,2,,2026-03-20,94671,2807,398,855.78,CNY,2026-01-25 02:16:15.283821
23,3,2,,2026-03-21,140583,2038,209,325.32,CNY,2026-01-25 02:16:15.283821
24,3,2,,2026-03-22,127297,4651,374,908.06,CNY,2026-01-25 02:16:15.283821
25,3,2,,2026-03-23,168384,5177,631,2107.79,CNY,2026-01-25 02:16:15.283821
26,3,2,,2026-03-24,134642,5116,293,220.60,CNY,2026-01-25 02:16:15.283821
27,3,2,,2026-03-25,146499,4402,248,622.90,CNY,2026-01-25 02:16:15.283821
28,3,2,,2026-03-26,195476,3415,257,2276.62,CNY,2026-01-25 02:16:15.283821
29,3,2,,2026-03-27,99775,2014,227,2192.07,CNY,2026-01-25 02:16:15.283821
30,3,2,,2026-03-28,59920,1428,83,431.31,CNY,2026-01-25 02:16:15.283821
31,3,2,,2026-03-29,133269,4688,402,2137.73,CNY,2026-01-25 02:16:15.283821
32,3,2,,2026-03-30,190034,6330,441,2574.20,CNY,2026-01-25 02:16:15.283821
33,3,2,,2026-03-31,28252,995,146,1294.18,CNY,2026-01-25 02:16:15.283821
34,3,2,,2026-04-01,132698,5050,670,1754.17,CNY,2026-01-25 02:16:15.283821
35,3,2,,2026-04-02,64939,2383,315,2949.51,CNY,2026-01-25 02:16:15.283821
36,3,2,,2026-04-03,93313,2435,213,852.13,CNY,2026-01-25 02:16:15.283821
37,3,2,,2026-04-04,189924,2568,283,2683.86,CNY,2026-01-25 02:16:15.283821
38,3,2,,2026-04-05,124928,3941,533,1582.32,CNY,2026-01-25 02:16:15.283821
39,3,2,,2026-04-06,60621,1252,142,1087.31,CNY,2026-01-25 02:16:15.283821
40,3,2,,2026-04-07,168587,4742,357,349.96,CNY,2026-01-25 02:16:15.283821
41,3,2,,2026-04-08,136959,2785,281,1606.84,CNY,2026-01-25 02:16:15.283821
42,3,2,,2026-04-09,116797,2330,122,2542.81,CNY,2026-01-25 02:16:15.283821
43,3,2,,2026-04-10,22054,628,67,1056.27,CNY,2026-01-25 02:16:15.283821
44,3,2,,2026-04-11,20665,816,60,2939.87,CNY,2026-01-25 02:16:15.283821
45,3,2,,2026-04-12,153983,6026,561,333.12,CNY,2026-01-25 02:16:15.283821
46,3,2,,2026-04-13,89113,3549,308,1567.66,CNY,2026-01-25 02:16:15.283821
47,3,2,,2026-04-14,137035,2009,239,2208.78,CNY,2026-01-25 02:16:15.283821
48,3,2,,2026-04-15,171782,2722,293,1982.13,CNY,2026-01-25 02:16:15.283821
49,4,3,,2026-07-11,53051,555,35,1008.03,CNY,2026-01-25 02:16:15.283821
50,4,3,,2026-07-12,102028,3372,420,1638.99,CNY,2026-01-25 02:16:15.283821
51,4,3,,2026-07-13,87811,2302,122,1946.35,CNY,2026-01-25 02:16:15.283821
52,4,3,,2026-07-14,67306,1217,78,2474.83,CNY,2026-01-25 02:16:15.283821
53,4,3,,2026-07-15,126457,2936,262,2993.60,CNY,2026-01-25 02:16:15.283821
54,4,3,,2026-07-16,152847,3220,283,1819.46,CNY,2026-01-25 02:16:15.283821
55,4,3,,2026-07-17,153917,5993,749,478.03,CNY,2026-01-25 02:16:15.283821
56,4,3,,2026-07-18,158062,3888,307,2049.52,CNY,2026-01-25 02:16:15.283821
57,4,3,,2026-07-19,174996,2493,162,686.17,CNY,2026-01-25 02:16:15.283821
58,4,3,,2026-07-20,150883,3455,291,1397.43,CNY,2026-01-25 02:16:15.283821
59,4,3,,2026-07-21,161649,2202,213,1932.32,CNY,2026-01-25 02:16:15.283821
60,4,3,,2026-07-22,43445,1060,131,2290.29,CNY,2026-01-25 02:16:15.283821
61,4,3,,2026-07-23,183989,5314,336,858.77,CNY,2026-01-25 02:16:15.283821
62,4,3,,2026-07-24,29042,439,41,1831.40,CNY,2026-01-25 02:16:15.283821
63,7,4,,2026-04-06,103759,3496,519,2880.43,CNY,2026-01-25 02:16:15.283821
64,7,4,,2026-04-07,165150,2369,255,352.42,CNY,2026-01-25 02:16:15.283821
65,7,4,,2026-04-08,82278,1792,108,456.62,CNY,2026-01-25 02:16:15.283821
66,7,4,,2026-04-09,121524,4180,407,2332.18,CNY,2026-01-25 02:16:15.283821
67,7,4,,2026-04-10,125169,1424,144,1363.16,CNY,2026-01-25 02:16:15.283821
68,7,4,,2026-04-11,10452,130,18,2655.75,CNY,2026-01-25 02:16:15.283821
69,7,4,,2026-04-12,38369,1127,82,2169.26,CNY,2026-01-25 02:16:15.283821
70,7,4,,2026-04-13,125206,4032,556,241.40,CNY,2026-01-25 02:16:15.283821
71,7,4,,2026-04-14,46674,1000,135,2183.12,CNY,2026-01-25 02:16:15.283821
72,7,4,,2026-04-15,159651,3050,300,2348.14,CNY,2026-01-25 02:16:15.283821
73,1,5,,2025-12-09,96120,1207,120,877.08,CNY,2026-01-25 02:16:15.283821
74,1,5,,2025-12-10,187228,6106,342,2038.93,CNY,2026-01-25 02:16:15.283821
75,1,5,,2025-12-11,94736,3093,207,1453.50,CNY,2026-01-25 02:16:15.283821
76,1,5,,2025-12-12,177695,5397,795,212.55,CNY,2026-01-25 02:16:15.283821
77,1,5,,2025-12-13,24655,443,60,1547.95,CNY,2026-01-25 02:16:15.283821
78,1,5,,2025-12-14,124109,3506,311,1854.33,CNY,2026-01-25 02:16:15.283821
79,1,5,,2025-12-15,26491,704,104,2357.39,CNY,2026-01-25 02:16:15.283821
80,1,5,,2025-12-16,163001,4393,226,1390.39,CNY,2026-01-25 02:16:15.283821
81,7,6,,2025-11-02,162490,5802,440,717.33,CNY,2026-01-25 02:16:15.283821
82,7,6,,2025-11-03,80680,3220,251,1317.42,CNY,2026-01-25 02:16:15.283821
83,7,6,,2025-11-04,62147,2245,246,2806.88,CNY,2026-01-25 02:16:15.283821
84,7,6,,2025-11-05,55793,1024,132,2817.72,CNY,2026-01-25 02:16:15.283821
85,7,6,,2025-11-06,59685,2238,260,785.02,CNY,2026-01-25 02:16:15.283821
86,7,6,,2025-11-07,194566,3116,341,534.18,CNY,2026-01-25 02:16:15.283821
87,7,6,,2025-11-08,87618,2105,282,2513.11,CNY,2026-01-25 02:16:15.283821
88,7,6,,2025-11-09,35413,1062,150,2241.26,CNY,2026-01-25 02:16:15.283821
89,7,6,,2025-11-10,167039,6675,744,2635.22,CNY,2026-01-25 02:16:15.283821
90,7,6,,2025-11-11,136730,4379,376,1557.56,CNY,2026-01-25 02:16:15.283821
91,7,6,,2025-11-12,33686,1171,109,370.76,CNY,2026-01-25 02:16:15.283821
92,7,6,,2025-11-13,175403,3877,518,1920.53,CNY,2026-01-25 02:16:15.283821
93,7,6,,2025-11-14,116920,3047,198,2385.22,CNY,2026-01-25 02:16:15.283821
94,7,6,,2025-11-15,183253,6029,716,1748.85,CNY,2026-01-25 02:16:15.283821
95,7,6,,2025-11-16,29740,1108,155,2497.29,CNY,2026-01-25 02:16:15.283821
96,7,6,,2025-11-17,140965,3198,243,2567.54,CNY,2026-01-25 02:16:15.283821
97,7,6,,2025-11-18,123222,3476,270,2984.10,CNY,2026-01-25 02:16:15.283821
98,7,6,,2025-11-19,109978,1702,218,1810.84,CNY,2026-01-25 02:16:15.283821
99,7,7,,2026-03-04,159281,2629,321,1050.32,CNY,2026-01-25 02:16:15.283821
100,7,7,,2026-03-05,155057,3095,188,474.02,CNY,2026-01-25 02:16:15.283821
101,7,7,,2026-03-06,118207,1930,115,2026.06,CNY,2026-01-25 02:16:15.283821
102,7,7,,2026-03-07,33213,991,129,2676.17,CNY,2026-01-25 02:16:15.283821
103,7,7,,2026-03-08,71145,2121,238,2186.22,CNY,2026-01-25 02:16:15.283821
104,7,7,,2026-03-09,66654,1961,275,2987.04,CNY,2026-01-25 02:16:15.283821
105,7,7,,2026-03-10,54895,1329,103,1535.92,CNY,2026-01-25 02:16:15.283821
106,7,7,,2026-03-11,143671,5344,710,1211.01,CNY,2026-01-25 02:16:15.283821
107,7,7,,2026-03-12,104970,1771,163,1388.37,CNY,2026-01-25 02:16:15.283821
108,7,7,,2026-03-13,101376,1179,145,2857.98,CNY,2026-01-25 02:16:15.283821
109,7,7,,2026-03-14,182787,7248,631,2725.92,CNY,2026-01-25 02:16:15.283821
110,7,7,,2026-03-15,160357,2024,107,1559.69,CNY,2026-01-25 02:16:15.283821
111,7,7,,2026-03-16,119190,3016,260,2955.71,CNY,2026-01-25 02:16:15.283821
112,7,7,,2026-03-17,49964,1843,178,889.28,CNY,2026-01-25 02:16:15.283821
113,7,7,,2026-03-18,190141,5568,664,2195.09,CNY,2026-01-25 02:16:15.283821
114,7,7,,2026-03-19,96445,1128,128,1632.54,CNY,2026-01-25 02:16:15.283821
115,7,7,,2026-03-20,162381,2019,287,1063.46,CNY,2026-01-25 02:16:15.283821
116,7,7,,2026-03-21,134959,3208,285,466.96,CNY,2026-01-25 02:16:15.283821
117,7,7,,2026-03-22,56134,897,95,1256.97,CNY,2026-01-25 02:16:15.283821
118,7,7,,2026-03-23,53089,2080,184,2964.97,CNY,2026-01-25 02:16:15.283821
119,7,7,,2026-03-24,184616,3074,169,2340.52,CNY,2026-01-25 02:16:15.283821
120,14,8,,2026-04-17,89486,1248,161,592.47,CNY,2026-01-25 02:16:15.283821
121,14,8,,2026-04-18,150481,1813,139,2328.93,CNY,2026-01-25 02:16:15.283821
122,14,8,,2026-04-19,113495,3948,419,2726.49,CNY,2026-01-25 02:16:15.283821
123,14,8,,2026-04-20,147374,4364,569,2411.51,CNY,2026-01-25 02:16:15.283821
124,14,8,,2026-04-21,33628,1211,61,2795.44,CNY,2026-01-25 02:16:15.283821
125,14,8,,2026-04-22,154676,5922,484,1399.97,CNY,2026-01-25 02:16:15.283821
126,14,8,,2026-04-23,28686,585,43,1971.23,CNY,2026-01-25 02:16:15.283821
127,14,8,,2026-04-24,190665,6306,510,957.59,CNY,2026-01-25 02:16:15.283821
128,14,8,,2026-04-25,21161,799,76,1099.77,CNY,2026-01-25 02:16:15.283821
129,14,8,,2026-04-26,51096,1101,147,2765.11,CNY,2026-01-25 02:16:15.283821
130,14,8,,2026-04-27,89080,1813,92,2476.84,CNY,2026-01-25 02:16:15.283821
131,14,8,,2026-04-28,105886,2044,145,489.47,CNY,2026-01-25 02:16:15.283821
132,4,9,,2026-06-19,37119,1193,107,2217.89,CNY,2026-01-25 02:16:15.283821
133,4,9,,2026-06-20,157849,3945,278,975.14,CNY,2026-01-25 02:16:15.283821
134,4,9,,2026-06-21,199757,4214,445,204.89,CNY,2026-01-25 02:16:15.283821
135,4,9,,2026-06-22,166297,4283,498,837.98,CNY,2026-01-25 02:16:15.283821
136,4,9,,2026-06-23,162587,3917,366,1146.15,CNY,2026-01-25 02:16:15.283821
137,4,9,,2026-06-24,170281,5308,305,967.16,CNY,2026-01-25 02:16:15.283821
138,4,9,,2026-06-25,99891,2815,352,1280.43,CNY,2026-01-25 02:16:15.283821
139,4,9,,2026-06-26,193047,5830,841,2704.77,CNY,2026-01-25 02:16:15.283821
140,4,9,,2026-06-27,69533,1077,147,1901.46,CNY,2026-01-25 02:16:15.283821
141,4,9,,2026-06-28,40002,629,64,1857.70,CNY,2026-01-25 02:16:15.283821
142,4,9,,2026-06-29,21614,258,13,2449.88,CNY,2026-01-25 02:16:15.283821
143,4,9,,2026-06-30,80110,2784,166,2621.37,CNY,2026-01-25 02:16:15.283821
144,4,9,,2026-07-01,69715,928,60,538.43,CNY,2026-01-25 02:16:15.283821
145,4,9,,2026-07-02,12927,494,42,1380.69,CNY,2026-01-25 02:16:15.283821
146,4,9,,2026-07-03,161440,1637,139,1688.78,CNY,2026-01-25 02:16:15.283821
147,14,10,,2025-12-14,135172,5029,320,1895.96,CNY,2026-01-25 02:16:15.283821
148,14,10,,2025-12-15,79490,2008,178,2749.34,CNY,2026-01-25 02:16:15.283821
149,14,10,,2025-12-16,55431,1034,153,2184.96,CNY,2026-01-25 02:16:15.283821
150,14,10,,2025-12-17,37671,1343,87,2220.12,CNY,2026-01-25 02:16:15.283821
151,14,10,,2025-12-18,193852,3015,252,2264.85,CNY,2026-01-25 02:16:15.283821
152,14,10,,2025-12-19,186181,3221,441,933.58,CNY,2026-01-25 02:16:15.283821
153,14,10,,2025-12-20,75590,2566,365,1987.17,CNY,2026-01-25 02:16:15.283821
154,14,10,,2025-12-21,125346,3999,284,2807.23,CNY,2026-01-25 02:16:15.283821
155,14,10,,2025-12-22,46721,1105,160,2447.58,CNY,2026-01-25 02:16:15.283821
156,14,10,,2025-12-23,44826,1276,173,255.93,CNY,2026-01-25 02:16:15.283821
157,14,10,,2025-12-24,146950,3034,354,997.66,CNY,2026-01-25 02:16:15.283821
158,14,10,,2025-12-25,153161,1796,262,1829.72,CNY,2026-01-25 02:16:15.283821
159,14,10,,2025-12-26,180099,5236,412,2323.28,CNY,2026-01-25 02:16:15.283821
160,14,10,,2025-12-27,159630,5827,609,2605.83,CNY,2026-01-25 02:16:15.283821
161,14,10,,2025-12-28,44993,855,80,1655.56,CNY,2026-01-25 02:16:15.283821
162,14,10,,2025-12-29,153531,2659,171,898.23,CNY,2026-01-25 02:16:15.283821
163,14,10,,2025-12-30,65501,1993,219,321.45,CNY,2026-01-25 02:16:15.283821
164,14,10,,2025-12-31,153623,5332,368,1688.83,CNY,2026-01-25 02:16:15.283821
165,14,10,,2026-01-01,136065,3846,380,1873.77,CNY,2026-01-25 02:16:15.283821
166,14,10,,2026-01-02,101766,3172,238,1996.54,CNY,2026-01-25 02:16:15.283821
167,14,10,,2026-01-03,133400,3648,494,1037.31,CNY,2026-01-25 02:16:15.283821
168,14,10,,2026-01-04,94526,3780,541,830.88,CNY,2026-01-25 02:16:15.283821
169,2,11,,2026-07-08,148413,4676,699,457.98,CNY,2026-01-25 02:16:15.283821
170,2,11,,2026-07-09,136727,4291,577,678.49,CNY,2026-01-25 02:16:15.283821
171,2,11,,2026-07-10,197960,6701,908,1423.78,CNY,2026-01-25 02:16:15.283821
172,2,11,,2026-07-11,10663,308,43,1545.83,CNY,2026-01-25 02:16:15.283821
173,2,11,,2026-07-12,82155,1940,174,744.70,CNY,2026-01-25 02:16:15.283821
174,2,11,,2026-07-13,181833,5437,357,763.93,CNY,2026-01-25 02:16:15.283821
175,2,11,,2026-07-14,21307,528,64,1435.75,CNY,2026-01-25 02:16:15.283821
176,2,11,,2026-07-15,196189,4356,343,1311.63,CNY,2026-01-25 02:16:15.283821
177,2,11,,2026-07-16,64650,884,109,849.82,CNY,2026-01-25 02:16:15.283821
178,2,11,,2026-07-17,140854,5105,680,211.87,CNY,2026-01-25 02:16:15.283821
179,2,11,,2026-07-18,65267,683,99,1849.47,CNY,2026-01-25 02:16:15.283821
180,2,11,,2026-07-19,55491,1074,64,1846.15,CNY,2026-01-25 02:16:15.283821
181,2,11,,2026-07-20,153894,4685,522,1123.27,CNY,2026-01-25 02:16:15.283821
182,2,11,,2026-07-21,130134,5196,328,2716.33,CNY,2026-01-25 02:16:15.283821
183,2,11,,2026-07-22,176783,5117,295,1946.55,CNY,2026-01-25 02:16:15.283821
184,2,11,,2026-07-23,28070,471,53,780.72,CNY,2026-01-25 02:16:15.283821
185,2,11,,2026-07-24,163727,5237,477,893.54,CNY,2026-01-25 02:16:15.283821
186,2,11,,2026-07-25,170090,3222,464,2527.70,CNY,2026-01-25 02:16:15.283821
187,2,11,,2026-07-26,36755,1125,59,1328.92,CNY,2026-01-25 02:16:15.283821
188,2,11,,2026-07-27,189878,2601,225,1670.57,CNY,2026-01-25 02:16:15.283821
189,2,11,,2026-07-28,151610,2427,262,2654.45,CNY,2026-01-25 02:16:15.283821
190,2,11,,2026-07-29,73213,932,112,919.52,CNY,2026-01-25 02:16:15.283821
191,2,11,,2026-07-30,176362,6568,399,1131.83,CNY,2026-01-25 02:16:15.283821
192,2,11,,2026-07-31,115662,2055,226,891.02,CNY,2026-01-25 02:16:15.283821
193,2,11,,2026-08-01,20053,782,39,1937.19,CNY,2026-01-25 02:16:15.283821
194,2,11,,2026-08-02,109553,1523,147,1263.05,CNY,2026-01-25 02:16:15.283821
195,2,11,,2026-08-03,177212,1891,183,1662.45,CNY,2026-01-25 02:16:15.283821
196,2,11,,2026-08-04,63773,927,130,2444.50,CNY,2026-01-25 02:16:15.283821
197,2,11,,2026-08-05,46850,925,86,1826.71,CNY,2026-01-25 02:16:15.283821
198,7,12,,2026-01-18,110379,1450,138,2314.63,CNY,2026-01-25 02:16:15.283821
199,7,12,,2026-01-19,32797,953,118,344.14,CNY,2026-01-25 02:16:15.283821
200,7,12,,2026-01-20,198401,5952,549,2990.05,CNY,2026-01-25 02:16:15.283821
201,7,12,,2026-01-21,171864,6843,939,2775.51,CNY,2026-01-25 02:16:15.283821
202,7,12,,2026-01-22,175946,1974,266,1083.48,CNY,2026-01-25 02:16:15.283821
203,7,12,,2026-01-23,100122,2198,325,2719.36,CNY,2026-01-25 02:16:15.283821
204,7,12,,2026-01-24,176105,5478,628,1600.58,CNY,2026-01-25 02:16:15.283821
205,7,12,,2026-01-25,15898,593,66,1667.03,CNY,2026-01-25 02:16:15.283821
206,7,12,,2026-01-26,33579,1138,109,1239.81,CNY,2026-01-25 02:16:15.283821
207,7,12,,2026-01-27,71962,1861,96,1800.80,CNY,2026-01-25 02:16:15.283821
208,7,12,,2026-01-28,39153,1314,129,1654.03,CNY,2026-01-25 02:16:15.283821
209,7,12,,2026-01-29,32439,557,41,449.23,CNY,2026-01-25 02:16:15.283821
210,7,12,,2026-01-30,159101,3670,207,704.21,CNY,2026-01-25 02:16:15.283821
211,4,13,,2025-11-25,151314,4932,659,1442.63,CNY,2026-01-25 02:16:15.283821
212,4,13,,2025-11-26,13296,321,39,1062.82,CNY,2026-01-25 02:16:15.283821
213,4,13,,2025-11-27,55861,1039,126,519.74,CNY,2026-01-25 02:16:15.283821
214,4,13,,2025-11-28,48323,776,98,2033.91,CNY,2026-01-25 02:16:15.283821
215,4,13,,2025-11-29,43605,1454,83,1141.81,CNY,2026-01-25 02:16:15.283821
216,4,13,,2025-11-30,84772,1156,170,906.92,CNY,2026-01-25 02:16:15.283821
217,4,13,,2025-12-01,130903,3157,272,831.61,CNY,2026-01-25 02:16:15.283821
218,4,13,,2025-12-02,82825,1982,99,1396.58,CNY,2026-01-25 02:16:15.283821
219,4,13,,2025-12-03,19979,482,44,284.92,CNY,2026-01-25 02:16:15.283821
220,4,13,,2025-12-04,35415,796,63,1286.33,CNY,2026-01-25 02:16:15.283821
221,4,13,,2025-12-05,72385,2274,284,1235.69,CNY,2026-01-25 02:16:15.283821
222,4,13,,2025-12-06,189582,2315,300,2711.89,CNY,2026-01-25 02:16:15.283821
223,4,13,,2025-12-07,128828,3841,242,1790.45,CNY,2026-01-25 02:16:15.283821
224,4,13,,2025-12-08,198423,7409,974,949.14,CNY,2026-01-25 02:16:15.283821
225,4,13,,2025-12-09,143139,1749,158,345.25,CNY,2026-01-25 02:16:15.283821
226,4,13,,2025-12-10,111091,1256,143,2903.45,CNY,2026-01-25 02:16:15.283821
227,4,13,,2025-12-11,47937,1623,242,2265.29,CNY,2026-01-25 02:16:15.283821
228,4,13,,2025-12-12,28182,430,48,1899.44,CNY,2026-01-25 02:16:15.283821
229,4,13,,2025-12-13,162785,2673,340,2472.63,CNY,2026-01-25 02:16:15.283821
230,4,13,,2025-12-14,166229,2034,300,794.71,CNY,2026-01-25 02:16:15.283821
231,7,14,,2026-02-03,43052,997,147,1339.54,CNY,2026-01-25 02:16:15.283821
232,7,14,,2026-02-04,27011,517,52,595.16,CNY,2026-01-25 02:16:15.283821
233,7,14,,2026-02-05,71284,1153,135,2125.22,CNY,2026-01-25 02:16:15.283821
234,7,14,,2026-02-06,183406,6579,878,1140.83,CNY,2026-01-25 02:16:15.283821
235,7,14,,2026-02-07,185323,4731,320,1472.32,CNY,2026-01-25 02:16:15.283821
236,7,14,,2026-02-08,46734,818,96,2105.59,CNY,2026-01-25 02:16:15.283821
237,7,14,,2026-02-09,187563,2112,242,1628.65,CNY,2026-01-25 02:16:15.283821
238,7,14,,2026-02-10,176847,2224,200,1681.81,CNY,2026-01-25 02:16:15.283821
239,14,15,,2025-12-22,110086,3563,435,1387.10,CNY,2026-01-25 02:16:15.283821
240,14,15,,2025-12-23,51753,2061,114,1369.07,CNY,2026-01-25 02:16:15.283821
241,14,15,,2025-12-24,59231,1532,170,765.50,CNY,2026-01-25 02:16:15.283821
242,14,15,,2025-12-25,25673,675,53,2817.01,CNY,2026-01-25 02:16:15.283821
243,14,15,,2025-12-26,178973,5443,732,1962.02,CNY,2026-01-25 02:16:15.283821
244,14,15,,2025-12-27,64266,1524,177,348.83,CNY,2026-01-25 02:16:15.283821
245,14,15,,2025-12-28,163416,2262,326,879.96,CNY,2026-01-25 02:16:15.283821
246,14,15,,2025-12-29,149501,5158,574,1555.77,CNY,2026-01-25 02:16:15.283821
247,14,15,,2025-12-30,36527,1400,170,1673.97,CNY,2026-01-25 02:16:15.283821
248,14,15,,2025-12-31,156742,2279,334,2985.75,CNY,2026-01-25 02:16:15.283821
249,14,15,,2026-01-01,176667,4347,445,326.91,CNY,2026-01-25 02:16:15.283821
250,14,15,,2026-01-02,44216,1475,91,2450.35,CNY,2026-01-25 02:16:15.283821
251,14,15,,2026-01-03,122411,3417,326,1759.79,CNY,2026-01-25 02:16:15.283821
252,14,15,,2026-01-04,64819,2349,183,1584.25,CNY,2026-01-25 02:16:15.283821
253,14,15,,2026-01-05,163887,1916,211,2164.50,CNY,2026-01-25 02:16:15.283821
254,14,15,,2026-01-06,167915,6400,816,1346.46,CNY,2026-01-25 02:16:15.283821
255,14,15,,2026-01-07,195886,3678,340,2087.73,CNY,2026-01-25 02:16:15.283821
256,14,15,,2026-01-08,100358,3947,309,533.97,CNY,2026-01-25 02:16:15.283821
257,14,15,,2026-01-09,117359,4401,297,2160.19,CNY,2026-01-25 02:16:15.283821
258,14,15,,2026-01-10,195407,5930,368,2801.19,CNY,2026-01-25 02:16:15.283821
259,14,15,,2026-01-11,45783,1427,187,211.88,CNY,2026-01-25 02:16:15.283821
260,14,15,,2026-01-12,97004,2448,267,2190.27,CNY,2026-01-25 02:16:15.283821
261,14,15,,2026-01-13,17603,229,12,2238.28,CNY,2026-01-25 02:16:15.283821
262,14,15,,2026-01-14,198310,3425,327,749.31,CNY,2026-01-25 02:16:15.283821
263,14,16,,2026-07-09,117569,3717,304,503.99,CNY,2026-01-25 02:16:15.283821
264,14,16,,2026-07-10,128463,2078,216,2020.30,CNY,2026-01-25 02:16:15.283821
265,14,16,,2026-07-11,61746,1841,97,903.74,CNY,2026-01-25 02:16:15.283821
266,14,16,,2026-07-12,126493,4262,355,2123.82,CNY,2026-01-25 02:16:15.283821
267,14,16,,2026-07-13,52495,1066,135,2442.17,CNY,2026-01-25 02:16:15.283821
268,14,16,,2026-07-14,177593,2848,330,1737.08,CNY,2026-01-25 02:16:15.283821
269,14,16,,2026-07-15,90384,2898,374,1374.20,CNY,2026-01-25 02:16:15.283821
270,14,16,,2026-07-16,165141,5674,808,2037.43,CNY,2026-01-25 02:16:15.283821
271,14,16,,2026-07-17,25376,645,78,376.24,CNY,2026-01-25 02:16:15.283821
272,14,17,,2025-12-22,155503,1946,180,1058.25,CNY,2026-01-25 02:16:15.283821
273,14,17,,2025-12-23,197549,5593,791,523.34,CNY,2026-01-25 02:16:15.283821
274,14,17,,2025-12-24,64332,1471,179,943.81,CNY,2026-01-25 02:16:15.283821
275,14,17,,2025-12-25,111043,1543,157,1931.76,CNY,2026-01-25 02:16:15.283821
276,14,17,,2025-12-26,49113,1169,154,1565.36,CNY,2026-01-25 02:16:15.283821
277,14,17,,2025-12-27,124653,2899,203,1215.34,CNY,2026-01-25 02:16:15.283821
278,14,17,,2025-12-28,35773,774,71,936.95,CNY,2026-01-25 02:16:15.283821
279,14,17,,2025-12-29,159138,4602,476,2074.10,CNY,2026-01-25 02:16:15.283821
280,14,17,,2025-12-30,140519,4254,229,1721.63,CNY,2026-01-25 02:16:15.283821
281,14,17,,2025-12-31,29073,634,92,1794.91,CNY,2026-01-25 02:16:15.283821
282,14,17,,2026-01-01,113998,2694,176,1814.18,CNY,2026-01-25 02:16:15.283821
283,14,17,,2026-01-02,168259,2685,175,1528.13,CNY,2026-01-25 02:16:15.283821
284,14,17,,2026-01-03,133910,3884,398,1098.04,CNY,2026-01-25 02:16:15.283821
285,14,17,,2026-01-04,15073,526,42,1615.59,CNY,2026-01-25 02:16:15.283821
286,14,17,,2026-01-05,105452,4214,433,1625.67,CNY,2026-01-25 02:16:15.283821
287,14,17,,2026-01-06,21081,681,70,2926.15,CNY,2026-01-25 02:16:15.283821
288,14,17,,2026-01-07,37477,1360,186,1174.79,CNY,2026-01-25 02:16:15.283821
289,14,17,,2026-01-08,84472,2963,290,516.22,CNY,2026-01-25 02:16:15.283821
290,14,17,,2026-01-09,137360,3077,345,2644.91,CNY,2026-01-25 02:16:15.283821
291,14,17,,2026-01-10,33541,1293,105,2727.07,CNY,2026-01-25 02:16:15.283821
292,14,17,,2026-01-11,172147,4042,280,2524.80,CNY,2026-01-25 02:16:15.283821
293,14,17,,2026-01-12,116782,3709,271,1938.39,CNY,2026-01-25 02:16:15.283821
294,14,17,,2026-01-13,18247,710,105,761.20,CNY,2026-01-25 02:16:15.283821
295,14,17,,2026-01-14,184330,2036,291,942.25,CNY,2026-01-25 02:16:15.283821
296,14,17,,2026-01-15,159191,6195,903,2395.64,CNY,2026-01-25 02:16:15.283821
297,14,17,,2026-01-16,29963,454,48,290.31,CNY,2026-01-25 02:16:15.283821
298,14,17,,2026-01-17,128656,3972,332,447.70,CNY,2026-01-25 02:16:15.283821
299,14,17,,2026-01-18,121191,4508,467,1952.48,CNY,2026-01-25 02:16:15.283821
300,14,17,,2026-01-19,111946,4032,511,2778.99,CNY,2026-01-25 02:16:15.283821
301,5,18,,2026-06-05,187672,5305,447,2862.73,CNY,2026-01-25 02:16:15.283821
302,5,18,,2026-06-06,80884,998,139,1570.56,CNY,2026-01-25 02:16:15.283821
303,5,18,,2026-06-07,191690,5861,440,1816.57,CNY,2026-01-25 02:16:15.283821
304,5,18,,2026-06-08,69559,2599,369,603.87,CNY,2026-01-25 02:16:15.283821
305,5,18,,2026-06-09,85301,1884,281,1081.62,CNY,2026-01-25 02:16:15.283821
306,5,18,,2026-06-10,65395,743,90,1469.49,CNY,2026-01-25 02:16:15.283821
307,5,18,,2026-06-11,129030,4556,425,2382.73,CNY,2026-01-25 02:16:15.283821
308,5,18,,2026-06-12,192127,3253,327,2458.49,CNY,2026-01-25 02:16:15.283821
309,5,18,,2026-06-13,35069,623,32,1934.11,CNY,2026-01-25 02:16:15.283821
310,5,18,,2026-06-14,135722,3761,369,2470.19,CNY,2026-01-25 02:16:15.283821
311,5,18,,2026-06-15,112178,2368,241,1842.27,CNY,2026-01-25 02:16:15.283821
312,5,18,,2026-06-16,34027,361,40,1359.72,CNY,2026-01-25 02:16:15.283821
313,5,18,,2026-06-17,93807,2097,291,617.82,CNY,2026-01-25 02:16:15.283821
314,5,18,,2026-06-18,111253,4298,330,925.33,CNY,2026-01-25 02:16:15.283821
315,5,18,,2026-06-19,66096,1022,57,2151.95,CNY,2026-01-25 02:16:15.283821
316,5,18,,2026-06-20,148428,4797,422,2293.69,CNY,2026-01-25 02:16:15.283821
317,5,18,,2026-06-21,51383,1809,105,875.69,CNY,2026-01-25 02:16:15.283821
318,5,18,,2026-06-22,149740,2670,317,1434.76,CNY,2026-01-25 02:16:15.283821
319,5,18,,2026-06-23,151822,5400,758,2823.29,CNY,2026-01-25 02:16:15.283821
320,5,18,,2026-06-24,152014,5822,567,2956.08,CNY,2026-01-25 02:16:15.283821
321,7,19,,2026-08-15,168534,6045,436,1826.98,CNY,2026-01-25 02:16:15.283821
322,7,19,,2026-08-16,22459,437,31,2065.41,CNY,2026-01-25 02:16:15.283821
323,7,19,,2026-08-17,124857,2184,296,2240.22,CNY,2026-01-25 02:16:15.283821
324,7,19,,2026-08-18,20374,517,41,735.59,CNY,2026-01-25 02:16:15.283821
325,7,19,,2026-08-19,112745,3737,413,2570.63,CNY,2026-01-25 02:16:15.283821
326,7,19,,2026-08-20,97061,3060,156,872.91,CNY,2026-01-25 02:16:15.283821
327,7,19,,2026-08-21,32342,1097,63,604.37,CNY,2026-01-25 02:16:15.283821
328,7,19,,2026-08-22,69715,1554,195,250.77,CNY,2026-01-25 02:16:15.283821
329,7,19,,2026-08-23,199661,7675,675,976.51,CNY,2026-01-25 02:16:15.283821
330,7,19,,2026-08-24,108589,3185,397,2151.35,CNY,2026-01-25 02:16:15.283821
331,7,19,,2026-08-25,108410,3490,320,861.89,CNY,2026-01-25 02:16:15.283821
332,7,19,,2026-08-26,173705,5852,628,1310.58,CNY,2026-01-25 02:16:15.283821
333,7,19,,2026-08-27,119232,2677,141,2187.52,CNY,2026-01-25 02:16:15.283821
334,7,19,,2026-08-28,148262,2107,222,2320.25,CNY,2026-01-25 02:16:15.283821
335,7,19,,2026-08-29,97904,3543,231,340.68,CNY,2026-01-25 02:16:15.283821
336,7,19,,2026-08-30,123258,4659,251,1002.21,CNY,2026-01-25 02:16:15.283821
337,7,19,,2026-08-31,174984,6860,554,1691.58,CNY,2026-01-25 02:16:15.283821
338,7,19,,2026-09-01,30352,968,125,1387.44,CNY,2026-01-25 02:16:15.283821
339,4,20,,2026-04-18,52359,1336,70,906.12,CNY,2026-01-25 02:16:15.283821
340,4,20,,2026-04-19,172037,3905,331,2898.89,CNY,2026-01-25 02:16:15.283821
341,4,20,,2026-04-20,93113,3713,325,322.77,CNY,2026-01-25 02:16:15.283821
342,4,20,,2026-04-21,19754,714,57,2095.61,CNY,2026-01-25 02:16:15.283821
343,4,20,,2026-04-22,151754,2507,321,921.94,CNY,2026-01-25 02:16:15.283821
344,4,20,,2026-04-23,100400,1330,195,2103.15,CNY,2026-01-25 02:16:15.283821
345,4,20,,2026-04-24,135742,2677,383,2430.08,CNY,2026-01-25 02:16:15.283821
346,4,20,,2026-04-25,124876,3129,326,923.35,CNY,2026-01-25 02:16:15.283821
347,4,20,,2026-04-26,164927,2558,234,2951.62,CNY,2026-01-25 02:16:15.283821
348,4,20,,2026-04-27,66411,1536,213,1258.62,CNY,2026-01-25 02:16:15.283821
349,4,20,,2026-04-28,67870,1674,167,2515.48,CNY,2026-01-25 02:16:15.283821
350,4,20,,2026-04-29,133557,2804,368,2828.14,CNY,2026-01-25 02:16:15.283821
351,4,20,,2026-04-30,155822,3675,444,322.09,CNY,2026-01-25 02:16:15.283821
352,4,20,,2026-05-01,27280,1026,111,2917.65,CNY,2026-01-25 02:16:15.283821
353,4,20,,2026-05-02,107453,1915,178,429.78,CNY,2026-01-25 02:16:15.283821
354,4,20,,2026-05-03,21108,506,56,2180.92,CNY,2026-01-25 02:16:15.283821
355,4,20,,2026-05-04,34124,726,52,1606.44,CNY,2026-01-25 02:16:15.283821
356,4,20,,2026-05-05,109595,1125,98,484.96,CNY,2026-01-25 02:16:15.283821
357,4,20,,2026-05-06,96835,1427,141,2683.25,CNY,2026-01-25 02:16:15.283821
358,4,20,,2026-05-07,38487,500,34,2560.20,CNY,2026-01-25 02:16:15.283821
359,8,21,,2025-11-23,119432,2457,172,2052.61,CNY,2026-01-25 02:16:15.283821
360,8,21,,2025-11-24,198064,5015,257,1519.12,CNY,2026-01-25 02:16:15.283821
361,8,21,,2025-11-25,137378,4101,519,2979.11,CNY,2026-01-25 02:16:15.283821
362,8,21,,2025-11-26,158339,4360,572,262.32,CNY,2026-01-25 02:16:15.283821
363,8,21,,2025-11-27,190830,7383,530,1251.48,CNY,2026-01-25 02:16:15.283821
364,8,21,,2025-11-28,36871,508,66,2466.33,CNY,2026-01-25 02:16:15.283821
365,8,21,,2025-11-29,18763,640,53,436.44,CNY,2026-01-25 02:16:15.283821
366,8,21,,2025-11-30,109898,1670,142,1778.66,CNY,2026-01-25 02:16:15.283821
367,8,21,,2025-12-01,104876,3570,240,1153.16,CNY,2026-01-25 02:16:15.283821
368,8,21,,2025-12-02,66005,1935,128,253.85,CNY,2026-01-25 02:16:15.283821
369,8,21,,2025-12-03,160779,5876,604,1072.50,CNY,2026-01-25 02:16:15.283821
370,8,21,,2025-12-04,78674,1375,137,1548.70,CNY,2026-01-25 02:16:15.283821
371,8,21,,2025-12-05,21856,722,43,2064.77,CNY,2026-01-25 02:16:15.283821
372,8,21,,2025-12-06,46537,1680,234,2193.44,CNY,2026-01-25 02:16:15.283821
373,8,21,,2025-12-07,135225,2581,162,379.06,CNY,2026-01-25 02:16:15.283821
374,8,21,,2025-12-08,113769,4073,571,440.74,CNY,2026-01-25 02:16:15.283821
375,8,21,,2025-12-09,149666,2600,302,1744.04,CNY,2026-01-25 02:16:15.283821
376,8,21,,2025-12-10,74431,1739,244,767.02,CNY,2026-01-25 02:16:15.283821
377,8,21,,2025-12-11,109387,1458,83,1547.73,CNY,2026-01-25 02:16:15.283821
378,8,21,,2025-12-12,87676,1127,88,2602.63,CNY,2026-01-25 02:16:15.283821
379,8,21,,2025-12-13,128281,4966,743,2875.56,CNY,2026-01-25 02:16:15.283821
380,8,21,,2025-12-14,89871,2468,284,1719.45,CNY,2026-01-25 02:16:15.283821
381,8,21,,2025-12-15,17367,508,29,1539.66,CNY,2026-01-25 02:16:15.283821
382,8,21,,2025-12-16,94808,3777,437,1281.38,CNY,2026-01-25 02:16:15.283821
383,8,21,,2025-12-17,78781,2815,269,2702.99,CNY,2026-01-25 02:16:15.283821
384,8,21,,2025-12-18,40604,1294,84,1035.19,CNY,2026-01-25 02:16:15.283821
385,8,21,,2025-12-19,21227,514,35,2216.88,CNY,2026-01-25 02:16:15.283821
386,8,21,,2025-12-20,136814,3648,459,455.79,CNY,2026-01-25 02:16:15.283821
387,5,22,,2026-08-04,158032,3660,267,2760.89,CNY,2026-01-25 02:16:15.283821
388,5,22,,2026-08-05,114395,1667,217,1188.17,CNY,2026-01-25 02:16:15.283821
389,5,22,,2026-08-06,142801,2525,203,1965.22,CNY,2026-01-25 02:16:15.283821
390,5,22,,2026-08-07,12307,415,37,2596.46,CNY,2026-01-25 02:16:15.283821
391,5,22,,2026-08-08,65180,667,71,1976.99,CNY,2026-01-25 02:16:15.283821
392,5,22,,2026-08-09,148546,1515,92,912.94,CNY,2026-01-25 02:16:15.283821
393,5,22,,2026-08-10,28430,461,43,766.75,CNY,2026-01-25 02:16:15.283821
394,14,23,,2026-02-26,132690,2631,270,2002.66,CNY,2026-01-25 02:16:15.283821
395,14,23,,2026-02-27,35102,1275,110,2276.48,CNY,2026-01-25 02:16:15.283821
396,14,23,,2026-02-28,184949,6403,853,2805.19,CNY,2026-01-25 02:16:15.283821
397,14,23,,2026-03-01,189385,6300,414,1171.94,CNY,2026-01-25 02:16:15.283821
398,14,23,,2026-03-02,43767,1696,111,317.72,CNY,2026-01-25 02:16:15.283821
399,14,23,,2026-03-03,77727,1702,235,902.63,CNY,2026-01-25 02:16:15.283821
400,14,23,,2026-03-04,120983,4756,401,1605.38,CNY,2026-01-25 02:16:15.283821
401,14,23,,2026-03-05,106320,1864,171,565.23,CNY,2026-01-25 02:16:15.283821
402,14,23,,2026-03-06,94395,1613,198,2376.06,CNY,2026-01-25 02:16:15.283821
403,14,23,,2026-03-07,79059,1438,78,2711.52,CNY,2026-01-25 02:16:15.283821
404,14,23,,2026-03-08,163787,5574,494,1126.42,CNY,2026-01-25 02:16:15.283821
405,14,23,,2026-03-09,168311,4476,236,348.30,CNY,2026-01-25 02:16:15.283821
406,14,23,,2026-03-10,154020,4764,253,977.72,CNY,2026-01-25 02:16:15.283821
407,14,23,,2026-03-11,130492,3667,200,446.97,CNY,2026-01-25 02:16:15.283821
408,14,23,,2026-03-12,38342,1164,110,2803.38,CNY,2026-01-25 02:16:15.283821
409,14,24,,2026-03-31,153497,5990,738,233.81,CNY,2026-01-25 02:16:15.283821
410,14,24,,2026-04-01,65243,1574,156,575.58,CNY,2026-01-25 02:16:15.283821
411,14,24,,2026-04-02,31390,1139,128,2831.15,CNY,2026-01-25 02:16:15.283821
412,14,24,,2026-04-03,68147,1409,131,2031.33,CNY,2026-01-25 02:16:15.283821
413,14,24,,2026-04-04,194381,2322,237,413.66,CNY,2026-01-25 02:16:15.283821
414,14,24,,2026-04-05,91891,1429,114,2621.64,CNY,2026-01-25 02:16:15.283821
415,14,24,,2026-04-06,57431,1120,153,922.57,CNY,2026-01-25 02:16:15.283821
416,14,24,,2026-04-07,76431,778,72,1635.25,CNY,2026-01-25 02:16:15.283821
417,14,24,,2026-04-08,109375,1877,169,2786.46,CNY,2026-01-25 02:16:15.283821
418,14,24,,2026-04-09,131967,2194,191,1733.83,CNY,2026-01-25 02:16:15.283821
419,14,24,,2026-04-10,114289,2905,301,1842.72,CNY,2026-01-25 02:16:15.283821
420,14,24,,2026-04-11,151594,2625,194,2527.78,CNY,2026-01-25 02:16:15.283821
421,14,24,,2026-04-12,195964,5501,729,2252.56,CNY,2026-01-25 02:16:15.283821
422,3,25,,2026-05-09,178195,6647,476,884.29,CNY,2026-01-25 02:16:15.283821
423,3,25,,2026-05-10,85811,888,108,1134.06,CNY,2026-01-25 02:16:15.283821
424,3,25,,2026-05-11,78183,794,82,1460.43,CNY,2026-01-25 02:16:15.283821
425,3,25,,2026-05-12,108003,1371,163,1429.50,CNY,2026-01-25 02:16:15.283821
426,3,25,,2026-05-13,175951,6926,547,1093.48,CNY,2026-01-25 02:16:15.283821
427,3,25,,2026-05-14,160384,6163,900,941.77,CNY,2026-01-25 02:16:15.283821
428,3,25,,2026-05-15,93002,2481,348,2067.73,CNY,2026-01-25 02:16:15.283821
429,3,25,,2026-05-16,130988,3222,173,1419.54,CNY,2026-01-25 02:16:15.283821
430,3,25,,2026-05-17,94976,1817,220,574.96,CNY,2026-01-25 02:16:15.283821
431,3,25,,2026-05-18,155098,3870,416,1091.60,CNY,2026-01-25 02:16:15.283821
432,3,25,,2026-05-19,11371,205,23,1640.66,CNY,2026-01-25 02:16:15.283821
433,3,25,,2026-05-20,93880,1556,142,513.70,CNY,2026-01-25 02:16:15.283821
434,3,25,,2026-05-21,177174,5009,750,1893.08,CNY,2026-01-25 02:16:15.283821
435,3,25,,2026-05-22,90862,2655,292,2337.81,CNY,2026-01-25 02:16:15.283821
436,3,25,,2026-05-23,199294,2913,255,2744.30,CNY,2026-01-25 02:16:15.283821
437,3,25,,2026-05-24,138688,3577,502,2527.05,CNY,2026-01-25 02:16:15.283821
438,3,25,,2026-05-25,44349,761,85,1362.43,CNY,2026-01-25 02:16:15.283821
439,3,25,,2026-05-26,154716,5894,737,1160.56,CNY,2026-01-25 02:16:15.283821
440,3,25,,2026-05-27,26274,999,124,2548.70,CNY,2026-01-25 02:16:15.283821
441,3,25,,2026-05-28,151857,2931,169,2297.42,CNY,2026-01-25 02:16:15.283821
442,3,25,,2026-05-29,31431,883,44,2786.57,CNY,2026-01-25 02:16:15.283821
443,3,25,,2026-05-30,85050,954,79,1655.15,CNY,2026-01-25 02:16:15.283821
444,4,26,,2026-04-19,170947,5284,326,1358.01,CNY,2026-01-25 02:16:15.283821
445,4,26,,2026-04-20,29954,741,88,1505.18,CNY,2026-01-25 02:16:15.283821
446,4,26,,2026-04-21,107595,2871,410,486.75,CNY,2026-01-25 02:16:15.283821
447,4,26,,2026-04-22,174811,5556,433,2829.78,CNY,2026-01-25 02:16:15.283821
448,4,26,,2026-04-23,164364,2832,213,1672.40,CNY,2026-01-25 02:16:15.283821
449,4,26,,2026-04-24,190697,2319,329,2205.22,CNY,2026-01-25 02:16:15.283821
450,4,26,,2026-04-25,177801,3803,197,2879.30,CNY,2026-01-25 02:16:15.283821
451,4,26,,2026-04-26,62202,2338,229,1315.24,CNY,2026-01-25 02:16:15.283821
452,4,26,,2026-04-27,63976,1856,258,991.51,CNY,2026-01-25 02:16:15.283821
453,4,26,,2026-04-28,87243,1200,178,277.71,CNY,2026-01-25 02:16:15.283821
454,4,26,,2026-04-29,121915,2396,203,435.94,CNY,2026-01-25 02:16:15.283821
455,4,26,,2026-04-30,183360,3080,224,1846.46,CNY,2026-01-25 02:16:15.283821
456,4,26,,2026-05-01,94202,2356,144,2857.71,CNY,2026-01-25 02:16:15.283821
457,4,26,,2026-05-02,45829,752,102,841.61,CNY,2026-01-25 02:16:15.283821
458,4,26,,2026-05-03,196793,3346,233,1473.20,CNY,2026-01-25 02:16:15.283821
459,4,26,,2026-05-04,23736,736,64,2259.12,CNY,2026-01-25 02:16:15.283821
460,4,26,,2026-05-05,193082,6538,873,930.11,CNY,2026-01-25 02:16:15.283821
461,4,26,,2026-05-06,91352,1152,80,489.53,CNY,2026-01-25 02:16:15.283821
462,4,26,,2026-05-07,58733,624,45,1448.38,CNY,2026-01-25 02:16:15.283821
463,4,26,,2026-05-08,27117,512,52,926.22,CNY,2026-01-25 02:16:15.283821
464,4,26,,2026-05-09,177530,5734,633,2088.35,CNY,2026-01-25 02:16:15.283821
465,4,26,,2026-05-10,118974,1236,155,1275.10,CNY,2026-01-25 02:16:15.283821
466,4,26,,2026-05-11,139867,1949,112,2383.48,CNY,2026-01-25 02:16:15.283821
467,4,26,,2026-05-12,199009,7102,962,1590.99,CNY,2026-01-25 02:16:15.283821
468,4,26,,2026-05-13,102235,1452,115,2567.36,CNY,2026-01-25 02:16:15.283821
469,4,26,,2026-05-14,166991,5574,624,2979.58,CNY,2026-01-25 02:16:15.283821
470,4,26,,2026-05-15,111081,1374,80,272.06,CNY,2026-01-25 02:16:15.283821
471,4,26,,2026-05-16,136912,1776,105,2285.74,CNY,2026-01-25 02:16:15.283821
472,4,26,,2026-05-17,48717,554,30,241.61,CNY,2026-01-25 02:16:15.283821
473,4,26,,2026-05-18,41692,988,114,2044.45,CNY,2026-01-25 02:16:15.283821
474,1,27,,2025-11-13,17940,282,39,862.11,CNY,2026-01-25 02:16:15.283821
475,1,27,,2025-11-14,102007,3260,393,653.60,CNY,2026-01-25 02:16:15.283821
476,1,27,,2025-11-15,16781,258,19,598.07,CNY,2026-01-25 02:16:15.283821
477,1,27,,2025-11-16,170058,4225,482,1771.68,CNY,2026-01-25 02:16:15.283821
478,1,27,,2025-11-17,13694,306,40,2972.55,CNY,2026-01-25 02:16:15.283821
479,1,27,,2025-11-18,115537,3574,296,2391.56,CNY,2026-01-25 02:16:15.283821
480,1,27,,2025-11-19,196008,4078,261,463.54,CNY,2026-01-25 02:16:15.283821
481,1,27,,2025-11-20,105030,1504,206,2165.33,CNY,2026-01-25 02:16:15.283821
482,2,28,,2026-07-20,69021,1620,116,816.39,CNY,2026-01-25 02:16:15.283821
483,2,28,,2026-07-21,151872,3051,293,367.70,CNY,2026-01-25 02:16:15.283821
484,2,28,,2026-07-22,174218,3470,309,2200.64,CNY,2026-01-25 02:16:15.283821
485,2,28,,2026-07-23,35046,1186,118,1539.76,CNY,2026-01-25 02:16:15.283821
486,2,28,,2026-07-24,108822,2408,334,2196.35,CNY,2026-01-25 02:16:15.283821
487,2,28,,2026-07-25,174987,5811,426,1817.92,CNY,2026-01-25 02:16:15.283821
488,2,28,,2026-07-26,95147,2136,248,220.98,CNY,2026-01-25 02:16:15.283821
489,2,28,,2026-07-27,199282,7657,528,720.69,CNY,2026-01-25 02:16:15.283821
490,2,28,,2026-07-28,142089,4359,630,2261.65,CNY,2026-01-25 02:16:15.283821
491,2,28,,2026-07-29,185267,4218,553,2222.80,CNY,2026-01-25 02:16:15.283821
492,2,28,,2026-07-30,57284,1620,157,1413.79,CNY,2026-01-25 02:16:15.283821
493,2,28,,2026-07-31,127209,5002,677,1098.01,CNY,2026-01-25 02:16:15.283821
494,2,28,,2026-08-01,168532,6616,918,214.05,CNY,2026-01-25 02:16:15.283821
495,2,28,,2026-08-02,85110,3376,180,2220.62,CNY,2026-01-25 02:16:15.283821
496,14,29,,2026-06-05,85079,2618,248,2735.82,CNY,2026-01-25 02:16:15.283821
497,14,29,,2026-06-06,110150,4014,494,2122.87,CNY,2026-01-25 02:16:15.283821
498,14,29,,2026-06-07,69064,1028,64,2322.02,CNY,2026-01-25 02:16:15.283821
499,14,29,,2026-06-08,119335,1502,171,835.90,CNY,2026-01-25 02:16:15.283821
500,14,29,,2026-06-09,20375,449,28,1938.05,CNY,2026-01-25 02:16:15.283821
501,14,29,,2026-06-10,113708,3707,361,1417.83,CNY,2026-01-25 02:16:15.283821
502,14,29,,2026-06-11,179784,4845,682,2584.44,CNY,2026-01-25 02:16:15.283821
503,14,29,,2026-06-12,63905,2164,175,2893.69,CNY,2026-01-25 02:16:15.283821
504,14,29,,2026-06-13,159795,1866,145,1768.89,CNY,2026-01-25 02:16:15.283821
505,14,29,,2026-06-14,175677,5747,663,1797.25,CNY,2026-01-25 02:16:15.283821
506,14,29,,2026-06-15,48471,1197,126,1394.99,CNY,2026-01-25 02:16:15.283821
507,14,29,,2026-06-16,191334,2663,239,1413.88,CNY,2026-01-25 02:16:15.283821
508,3,30,,2026-07-29,19973,663,36,1486.14,CNY,2026-01-25 02:16:15.283821
509,3,30,,2026-07-30,185802,3752,531,1762.89,CNY,2026-01-25 02:16:15.283821
510,3,30,,2026-07-31,109935,3208,479,842.81,CNY,2026-01-25 02:16:15.283821
511,3,30,,2026-08-01,54293,833,56,2759.06,CNY,2026-01-25 02:16:15.283821
512,3,30,,2026-08-02,99335,1431,86,2066.59,CNY,2026-01-25 02:16:15.283821
513,3,30,,2026-08-03,73886,2626,352,230.42,CNY,2026-01-25 02:16:15.283821
514,3,30,,2026-08-04,62457,673,71,1038.38,CNY,2026-01-25 02:16:15.283821
515,3,30,,2026-08-05,97406,1013,145,2951.66,CNY,2026-01-25 02:16:15.283821
516,3,30,,2026-08-06,19085,475,66,950.01,CNY,2026-01-25 02:16:15.283821
517,3,30,,2026-08-07,88779,1941,149,2704.94,CNY,2026-01-25 02:16:15.283821
518,3,30,,2026-08-08,163651,2834,294,2507.78,CNY,2026-01-25 02:16:15.283821
519,3,30,,2026-08-09,60144,1113,133,607.41,CNY,2026-01-25 02:16:15.283821
520,3,30,,2026-08-10,98159,2156,110,1687.40,CNY,2026-01-25 02:16:15.283821
521,3,30,,2026-08-11,174206,1831,272,637.48,CNY,2026-01-25 02:16:15.283821
522,3,30,,2026-08-12,52269,853,124,2557.80,CNY,2026-01-25 02:16:15.283821
523,3,30,,2026-08-13,20344,508,33,904.37,CNY,2026-01-25 02:16:15.283821
524,3,30,,2026-08-14,64929,711,100,1889.43,CNY,2026-01-25 02:16:15.283821
525,3,30,,2026-08-15,175041,2689,237,216.88,CNY,2026-01-25 02:16:15.283821
526,3,30,,2026-08-16,26847,1065,150,565.60,CNY,2026-01-25 02:16:15.283821
527,3,30,,2026-08-17,66168,2314,294,1237.06,CNY,2026-01-25 02:16:15.283821
528,8,31,,2026-07-13,68220,1438,111,1629.80,CNY,2026-01-25 02:16:15.283821
529,8,31,,2026-07-14,36193,512,57,1823.67,CNY,2026-01-25 02:16:15.283821
530,8,31,,2026-07-15,79434,1027,143,436.91,CNY,2026-01-25 02:16:15.283821
531,8,31,,2026-07-16,70266,756,55,584.59,CNY,2026-01-25 02:16:15.283821
532,8,31,,2026-07-17,26516,513,48,323.87,CNY,2026-01-25 02:16:15.283821
533,8,31,,2026-07-18,48618,911,67,1631.62,CNY,2026-01-25 02:16:15.283821
534,8,31,,2026-07-19,165461,1852,168,690.58,CNY,2026-01-25 02:16:15.283821
535,8,31,,2026-07-20,143851,2308,242,805.37,CNY,2026-01-25 02:16:15.283821
536,8,31,,2026-07-21,158731,4945,497,2693.67,CNY,2026-01-25 02:16:15.283821
537,8,31,,2026-07-22,196862,4010,228,2606.43,CNY,2026-01-25 02:16:15.283821
538,8,31,,2026-07-23,84934,1301,136,774.86,CNY,2026-01-25 02:16:15.283821
539,8,31,,2026-07-24,138691,5285,663,2512.67,CNY,2026-01-25 02:16:15.283821
540,8,31,,2026-07-25,199629,4556,499,296.28,CNY,2026-01-25 02:16:15.283821
541,8,31,,2026-07-26,33659,1149,161,1975.22,CNY,2026-01-25 02:16:15.283821
542,8,31,,2026-07-27,104607,1250,186,2048.54,CNY,2026-01-25 02:16:15.283821
543,8,31,,2026-07-28,53575,1997,108,2793.04,CNY,2026-01-25 02:16:15.283821
544,8,31,,2026-07-29,140930,3674,325,2933.34,CNY,2026-01-25 02:16:15.283821
545,8,31,,2026-07-30,194877,4495,454,752.18,CNY,2026-01-25 02:16:15.283821
546,8,31,,2026-07-31,186267,2449,262,1034.41,CNY,2026-01-25 02:16:15.283821
547,8,31,,2026-08-01,128075,4821,692,439.17,CNY,2026-01-25 02:16:15.283821
548,8,31,,2026-08-02,189460,2751,235,1228.93,CNY,2026-01-25 02:16:15.283821
549,8,31,,2026-08-03,153796,3905,277,590.58,CNY,2026-01-25 02:16:15.283821
550,8,31,,2026-08-04,72500,1179,172,1443.86,CNY,2026-01-25 02:16:15.283821
551,8,31,,2026-08-05,34856,1099,140,1812.35,CNY,2026-01-25 02:16:15.283821
552,8,31,,2026-08-06,78033,1354,70,728.89,CNY,2026-01-25 02:16:15.283821
553,8,31,,2026-08-07,22605,674,76,1787.57,CNY,2026-01-25 02:16:15.283821
554,8,31,,2026-08-08,150694,2948,333,1700.57,CNY,2026-01-25 02:16:15.283821
555,8,31,,2026-08-09,185756,5291,642,1285.40,CNY,2026-01-25 02:16:15.283821
556,8,31,,2026-08-10,24883,396,32,561.21,CNY,2026-01-25 02:16:15.283821
557,9,32,,2026-05-01,124231,4074,563,524.39,CNY,2026-01-25 02:16:15.283821
558,9,32,,2026-05-02,119528,3622,220,2612.13,CNY,2026-01-25 02:16:15.283821
559,9,32,,2026-05-03,36562,798,110,2810.28,CNY,2026-01-25 02:16:15.283821
560,9,32,,2026-05-04,81761,2052,245,565.25,CNY,2026-01-25 02:16:15.283821
561,9,32,,2026-05-05,185767,7255,742,2113.50,CNY,2026-01-25 02:16:15.283821
562,9,32,,2026-05-06,119569,4663,670,415.82,CNY,2026-01-25 02:16:15.283821
563,9,32,,2026-05-07,30630,698,80,2482.00,CNY,2026-01-25 02:16:15.283821
564,9,32,,2026-05-08,34273,1230,184,848.37,CNY,2026-01-25 02:16:15.283821
565,9,32,,2026-05-09,19969,553,36,1709.83,CNY,2026-01-25 02:16:15.283821
566,2,33,,2026-04-27,67646,2386,266,512.83,CNY,2026-01-25 02:16:15.283821
567,2,33,,2026-04-28,71617,2484,229,1243.90,CNY,2026-01-25 02:16:15.283821
568,2,33,,2026-04-29,117493,3913,356,2806.49,CNY,2026-01-25 02:16:15.283821
569,2,33,,2026-04-30,172917,4802,504,419.15,CNY,2026-01-25 02:16:15.283821
570,2,33,,2026-05-01,115512,3860,208,1811.78,CNY,2026-01-25 02:16:15.283821
571,2,33,,2026-05-02,67827,1504,115,614.57,CNY,2026-01-25 02:16:15.283821
572,2,33,,2026-05-03,184954,4676,347,1777.91,CNY,2026-01-25 02:16:15.283821
573,2,33,,2026-05-04,70874,2605,201,849.62,CNY,2026-01-25 02:16:15.283821
574,2,33,,2026-05-05,181259,7219,469,2125.55,CNY,2026-01-25 02:16:15.283821
575,2,33,,2026-05-06,179750,3690,422,2861.69,CNY,2026-01-25 02:16:15.283821
576,2,33,,2026-05-07,174925,5346,483,1655.24,CNY,2026-01-25 02:16:15.283821
577,2,33,,2026-05-08,163842,4299,624,1301.07,CNY,2026-01-25 02:16:15.283821
578,2,33,,2026-05-09,84932,1808,176,333.04,CNY,2026-01-25 02:16:15.283821
579,2,33,,2026-05-10,106100,3711,550,594.20,CNY,2026-01-25 02:16:15.283821
580,2,33,,2026-05-11,42108,587,65,2080.10,CNY,2026-01-25 02:16:15.283821
581,2,33,,2026-05-12,123302,3823,390,1115.24,CNY,2026-01-25 02:16:15.283821
582,2,33,,2026-05-13,44343,810,49,2545.05,CNY,2026-01-25 02:16:15.283821
583,2,33,,2026-05-14,159915,4927,683,1485.48,CNY,2026-01-25 02:16:15.283821
584,2,33,,2026-05-15,86504,1774,95,1880.23,CNY,2026-01-25 02:16:15.283821
585,2,33,,2026-05-16,66394,1437,137,2539.03,CNY,2026-01-25 02:16:15.283821
586,2,33,,2026-05-17,196490,5029,680,1523.38,CNY,2026-01-25 02:16:15.283821
587,2,33,,2026-05-18,87091,1079,120,861.90,CNY,2026-01-25 02:16:15.283821
588,2,33,,2026-05-19,41411,1182,73,1694.08,CNY,2026-01-25 02:16:15.283821
589,2,33,,2026-05-20,92279,1194,71,1444.53,CNY,2026-01-25 02:16:15.283821
590,2,33,,2026-05-21,144886,2798,210,1116.34,CNY,2026-01-25 02:16:15.283821
591,2,33,,2026-05-22,168101,6706,960,480.84,CNY,2026-01-25 02:16:15.283821
592,2,33,,2026-05-23,157041,5034,443,282.86,CNY,2026-01-25 02:16:15.283821
593,2,33,,2026-05-24,131454,3330,225,489.39,CNY,2026-01-25 02:16:15.283821
594,2,33,,2026-05-25,10044,213,17,2768.32,CNY,2026-01-25 02:16:15.283821
595,2,34,,2025-12-19,90499,2669,204,2812.78,CNY,2026-01-25 02:16:15.283821
596,2,34,,2025-12-20,40951,1228,143,2300.71,CNY,2026-01-25 02:16:15.283821
597,2,34,,2025-12-21,188303,3525,314,960.55,CNY,2026-01-25 02:16:15.283821
598,2,34,,2025-12-22,149374,5468,587,2601.87,CNY,2026-01-25 02:16:15.283821
599,2,34,,2025-12-23,85708,1510,152,934.06,CNY,2026-01-25 02:16:15.283821
600,2,34,,2025-12-24,51435,1988,279,868.08,CNY,2026-01-25 02:16:15.283821
601,2,34,,2025-12-25,182358,4870,728,2621.37,CNY,2026-01-25 02:16:15.283821
602,2,34,,2025-12-26,115893,3786,406,2975.77,CNY,2026-01-25 02:16:15.283821
603,2,34,,2025-12-27,67750,1151,132,2437.38,CNY,2026-01-25 02:16:15.283821
604,8,35,,2025-12-15,129426,3286,195,2244.75,CNY,2026-01-25 02:16:15.283821
605,8,35,,2025-12-16,156734,2891,352,911.02,CNY,2026-01-25 02:16:15.283821
606,8,35,,2025-12-17,150012,4628,261,1146.13,CNY,2026-01-25 02:16:15.283821
607,8,35,,2025-12-18,125731,4268,501,1491.56,CNY,2026-01-25 02:16:15.283821
608,8,35,,2025-12-19,197401,3225,242,714.96,CNY,2026-01-25 02:16:15.283821
609,8,35,,2025-12-20,31382,907,71,733.02,CNY,2026-01-25 02:16:15.283821
610,8,35,,2025-12-21,110985,1176,104,1018.20,CNY,2026-01-25 02:16:15.283821
611,8,35,,2025-12-22,13911,421,40,564.05,CNY,2026-01-25 02:16:15.283821
612,8,35,,2025-12-23,43009,1616,193,1195.80,CNY,2026-01-25 02:16:15.283821
613,8,35,,2025-12-24,193240,5372,689,434.95,CNY,2026-01-25 02:16:15.283821
614,1,36,,2025-12-04,26712,739,78,915.46,CNY,2026-01-25 02:16:15.283821
615,1,36,,2025-12-05,64167,2073,262,1168.88,CNY,2026-01-25 02:16:15.283821
616,1,36,,2025-12-06,145611,2654,138,1163.03,CNY,2026-01-25 02:16:15.283821
617,1,36,,2025-12-07,111054,1346,138,2209.95,CNY,2026-01-25 02:16:15.283821
618,1,36,,2025-12-08,122206,2685,219,1863.36,CNY,2026-01-25 02:16:15.283821
619,1,36,,2025-12-09,33823,355,27,2087.77,CNY,2026-01-25 02:16:15.283821
620,1,36,,2025-12-10,11631,160,22,2916.99,CNY,2026-01-25 02:16:15.283821
621,1,36,,2025-12-11,15102,578,70,990.12,CNY,2026-01-25 02:16:15.283821
622,1,36,,2025-12-12,129344,2916,306,668.00,CNY,2026-01-25 02:16:15.283821
623,1,36,,2025-12-13,130695,4010,486,2880.97,CNY,2026-01-25 02:16:15.283821
624,1,36,,2025-12-14,72924,822,61,796.09,CNY,2026-01-25 02:16:15.283821
625,1,36,,2025-12-15,65191,1945,176,2091.88,CNY,2026-01-25 02:16:15.283821
626,8,37,,2025-11-09,187204,6795,614,2204.74,CNY,2026-01-25 02:16:15.283821
627,8,37,,2025-11-10,131331,4701,425,2116.34,CNY,2026-01-25 02:16:15.283821
628,8,37,,2025-11-11,117777,4295,283,2631.06,CNY,2026-01-25 02:16:15.283821
629,8,37,,2025-11-12,170976,1789,111,2372.66,CNY,2026-01-25 02:16:15.283821
630,8,37,,2025-11-13,121317,2970,340,2079.41,CNY,2026-01-25 02:16:15.283821
631,8,37,,2025-11-14,184485,3491,338,1472.53,CNY,2026-01-25 02:16:15.283821
632,8,37,,2025-11-15,180842,2645,156,1851.73,CNY,2026-01-25 02:16:15.283821
633,8,37,,2025-11-16,71471,2541,255,391.78,CNY,2026-01-25 02:16:15.283821
634,8,37,,2025-11-17,122917,4736,296,2432.35,CNY,2026-01-25 02:16:15.283821
635,8,37,,2025-11-18,27450,653,42,1167.06,CNY,2026-01-25 02:16:15.283821
636,8,37,,2025-11-19,99500,2353,118,2313.62,CNY,2026-01-25 02:16:15.283821
637,8,37,,2025-11-20,189245,4390,234,1895.49,CNY,2026-01-25 02:16:15.283821
638,8,37,,2025-11-21,89716,1572,158,2058.60,CNY,2026-01-25 02:16:15.283821
639,8,37,,2025-11-22,48496,1651,176,2881.71,CNY,2026-01-25 02:16:15.283821
640,8,37,,2025-11-23,107692,2907,263,2995.00,CNY,2026-01-25 02:16:15.283821
641,8,37,,2025-11-24,140613,3766,239,2315.86,CNY,2026-01-25 02:16:15.283821
642,8,37,,2025-11-25,18581,506,71,2276.48,CNY,2026-01-25 02:16:15.283821
643,8,37,,2025-11-26,148390,3942,470,1528.33,CNY,2026-01-25 02:16:15.283821
644,8,37,,2025-11-27,56087,2215,133,1351.59,CNY,2026-01-25 02:16:15.283821
645,8,37,,2025-11-28,50031,1031,120,2720.24,CNY,2026-01-25 02:16:15.283821
646,8,37,,2025-11-29,150018,5776,778,1824.02,CNY,2026-01-25 02:16:15.283821
647,8,37,,2025-11-30,107424,3434,247,1071.15,CNY,2026-01-25 02:16:15.283821
648,8,37,,2025-12-01,50345,1137,155,691.14,CNY,2026-01-25 02:16:15.283821
649,8,37,,2025-12-02,184766,4300,375,875.26,CNY,2026-01-25 02:16:15.283821
650,8,37,,2025-12-03,38611,1010,92,2537.51,CNY,2026-01-25 02:16:15.283821
651,8,38,,2026-06-08,128420,3536,206,2203.94,CNY,2026-01-25 02:16:15.283821
652,8,38,,2026-06-09,190679,4154,473,1552.14,CNY,2026-01-25 02:16:15.283821
653,8,38,,2026-06-10,50594,2003,150,2527.72,CNY,2026-01-25 02:16:15.283821
654,8,38,,2026-06-11,190149,2159,160,1005.62,CNY,2026-01-25 02:16:15.283821
655,8,38,,2026-06-12,199372,7056,858,491.96,CNY,2026-01-25 02:16:15.283821
656,8,38,,2026-06-13,18144,235,16,1218.54,CNY,2026-01-25 02:16:15.283821
657,8,38,,2026-06-14,119731,3024,188,2212.47,CNY,2026-01-25 02:16:15.283821
658,8,38,,2026-06-15,58046,2111,190,714.83,CNY,2026-01-25 02:16:15.283821
659,8,38,,2026-06-16,64663,2071,200,2496.44,CNY,2026-01-25 02:16:15.283821
660,8,38,,2026-06-17,108106,2603,171,539.69,CNY,2026-01-25 02:16:15.283821
661,8,38,,2026-06-18,183575,5902,732,1412.64,CNY,2026-01-25 02:16:15.283821
662,8,38,,2026-06-19,156001,5232,330,495.20,CNY,2026-01-25 02:16:15.283821
663,8,38,,2026-06-20,32194,1236,125,2105.17,CNY,2026-01-25 02:16:15.283821
664,8,38,,2026-06-21,38085,1301,192,2577.74,CNY,2026-01-25 02:16:15.283821
665,8,38,,2026-06-22,37888,1113,155,1697.44,CNY,2026-01-25 02:16:15.283821
666,8,38,,2026-06-23,166046,3891,415,1842.76,CNY,2026-01-25 02:16:15.283821
667,8,38,,2026-06-24,163532,5737,556,1768.93,CNY,2026-01-25 02:16:15.283821
668,8,38,,2026-06-25,179631,7091,1001,1661.05,CNY,2026-01-25 02:16:15.283821
669,8,38,,2026-06-26,28777,910,57,2668.09,CNY,2026-01-25 02:16:15.283821
670,8,38,,2026-06-27,85418,2656,391,314.22,CNY,2026-01-25 02:16:15.283821
671,8,38,,2026-06-28,24877,524,64,2084.28,CNY,2026-01-25 02:16:15.283821
672,8,38,,2026-06-29,107369,1385,83,1632.33,CNY,2026-01-25 02:16:15.283821
673,8,38,,2026-06-30,168445,6334,332,2340.31,CNY,2026-01-25 02:16:15.283821
674,8,38,,2026-07-01,55911,2064,299,492.61,CNY,2026-01-25 02:16:15.283821
675,8,38,,2026-07-02,105524,3284,237,2398.83,CNY,2026-01-25 02:16:15.283821
676,8,38,,2026-07-03,119775,3151,375,1480.81,CNY,2026-01-25 02:16:15.283821
677,8,38,,2026-07-04,164121,3455,506,1788.61,CNY,2026-01-25 02:16:15.283821
678,3,39,,2025-11-04,70387,2523,345,2200.11,CNY,2026-01-25 02:16:15.283821
679,3,39,,2025-11-05,51656,851,77,226.36,CNY,2026-01-25 02:16:15.283821
680,3,39,,2025-11-06,98750,2924,186,907.55,CNY,2026-01-25 02:16:15.283821
681,3,39,,2025-11-07,179874,6198,337,326.87,CNY,2026-01-25 02:16:15.283821
682,3,39,,2025-11-08,126110,4246,620,1866.97,CNY,2026-01-25 02:16:15.283821
683,3,39,,2025-11-09,155069,5830,551,1898.30,CNY,2026-01-25 02:16:15.283821
684,3,39,,2025-11-10,105626,2167,316,1673.67,CNY,2026-01-25 02:16:15.283821
685,3,39,,2025-11-11,186311,5630,619,1524.66,CNY,2026-01-25 02:16:15.283821
686,3,39,,2025-11-12,58150,1785,123,2111.72,CNY,2026-01-25 02:16:15.283821
687,3,39,,2025-11-13,128601,1668,165,2715.34,CNY,2026-01-25 02:16:15.283821
688,3,39,,2025-11-14,72033,1956,106,2105.02,CNY,2026-01-25 02:16:15.283821
689,3,39,,2025-11-15,180679,5649,537,2005.39,CNY,2026-01-25 02:16:15.283821
690,3,39,,2025-11-16,79994,1261,98,286.67,CNY,2026-01-25 02:16:15.283821
691,3,39,,2025-11-17,156360,4423,468,468.95,CNY,2026-01-25 02:16:15.283821
692,3,39,,2025-11-18,189913,3257,322,1659.27,CNY,2026-01-25 02:16:15.283821
693,4,40,,2026-07-16,166641,5601,439,527.57,CNY,2026-01-25 02:16:15.283821
694,4,40,,2026-07-17,71510,2693,278,455.28,CNY,2026-01-25 02:16:15.283821
695,4,40,,2026-07-18,113900,2869,394,2254.43,CNY,2026-01-25 02:16:15.283821
696,4,40,,2026-07-19,132773,1996,243,941.97,CNY,2026-01-25 02:16:15.283821
697,4,40,,2026-07-20,194054,3996,396,1744.10,CNY,2026-01-25 02:16:15.283821
698,4,40,,2026-07-21,15475,199,24,1586.88,CNY,2026-01-25 02:16:15.283821
699,4,40,,2026-07-22,118453,2419,177,1072.10,CNY,2026-01-25 02:16:15.283821
700,4,40,,2026-07-23,36374,1009,112,677.33,CNY,2026-01-25 02:16:15.283821
701,4,40,,2026-07-24,148902,2810,320,2759.56,CNY,2026-01-25 02:16:15.283821
702,4,41,,2026-01-11,53556,829,69,1510.69,CNY,2026-01-25 02:16:15.283821
703,4,41,,2026-01-12,112580,4204,329,864.72,CNY,2026-01-25 02:16:15.283821
704,4,41,,2026-01-13,92626,1354,145,1617.41,CNY,2026-01-25 02:16:15.283821
705,4,41,,2026-01-14,195594,4164,531,1455.03,CNY,2026-01-25 02:16:15.283821
706,4,41,,2026-01-15,166888,5538,446,945.72,CNY,2026-01-25 02:16:15.283821
707,4,41,,2026-01-16,157300,4694,505,1498.49,CNY,2026-01-25 02:16:15.283821
708,4,41,,2026-01-17,171457,4402,347,1620.68,CNY,2026-01-25 02:16:15.283821
709,4,41,,2026-01-18,48399,844,96,1856.86,CNY,2026-01-25 02:16:15.283821
710,4,41,,2026-01-19,88313,2064,226,2672.33,CNY,2026-01-25 02:16:15.283821
711,4,41,,2026-01-20,17196,221,16,744.67,CNY,2026-01-25 02:16:15.283821
712,4,41,,2026-01-21,99987,3872,477,1985.38,CNY,2026-01-25 02:16:15.283821
713,4,41,,2026-01-22,62390,810,74,2587.33,CNY,2026-01-25 02:16:15.283821
714,4,41,,2026-01-23,151728,5627,426,1243.37,CNY,2026-01-25 02:16:15.283821
715,4,41,,2026-01-24,74654,1672,239,845.20,CNY,2026-01-25 02:16:15.283821
716,4,41,,2026-01-25,124222,4800,620,980.52,CNY,2026-01-25 02:16:15.283821
717,4,41,,2026-01-26,168888,4858,269,2056.83,CNY,2026-01-25 02:16:15.283821
718,4,41,,2026-01-27,119987,3653,416,458.54,CNY,2026-01-25 02:16:15.283821
719,14,42,,2026-05-18,22867,892,128,2778.71,CNY,2026-01-25 02:16:15.283821
720,14,42,,2026-05-19,103383,4036,468,2243.37,CNY,2026-01-25 02:16:15.283821
721,14,42,,2026-05-20,150153,1908,96,1397.05,CNY,2026-01-25 02:16:15.283821
722,14,42,,2026-05-21,148316,5300,529,1578.39,CNY,2026-01-25 02:16:15.283821
723,14,42,,2026-05-22,46824,1401,85,288.31,CNY,2026-01-25 02:16:15.283821
724,14,42,,2026-05-23,39358,527,54,1255.87,CNY,2026-01-25 02:16:15.283821
725,14,42,,2026-05-24,135363,4894,679,2700.50,CNY,2026-01-25 02:16:15.283821
726,14,42,,2026-05-25,172566,4192,266,2457.40,CNY,2026-01-25 02:16:15.283821
727,14,42,,2026-05-26,128189,2740,166,2396.74,CNY,2026-01-25 02:16:15.283821
728,14,42,,2026-05-27,77568,3055,213,2451.09,CNY,2026-01-25 02:16:15.283821
729,14,42,,2026-05-28,57309,850,80,202.91,CNY,2026-01-25 02:16:15.283821
730,14,42,,2026-05-29,49451,831,58,1956.46,CNY,2026-01-25 02:16:15.283821
731,14,42,,2026-05-30,55922,1302,149,2486.46,CNY,2026-01-25 02:16:15.283821
732,14,42,,2026-05-31,158217,2197,255,1354.26,CNY,2026-01-25 02:16:15.283821
733,14,42,,2026-06-01,57937,956,74,2045.61,CNY,2026-01-25 02:16:15.283821
734,14,42,,2026-06-02,68650,2544,164,2918.08,CNY,2026-01-25 02:16:15.283821
735,14,42,,2026-06-03,108553,2416,285,1660.22,CNY,2026-01-25 02:16:15.283821
736,14,42,,2026-06-04,90795,3436,333,2293.54,CNY,2026-01-25 02:16:15.283821
737,14,42,,2026-06-05,100129,2483,291,1719.24,CNY,2026-01-25 02:16:15.283821
738,14,42,,2026-06-06,92393,1363,180,707.92,CNY,2026-01-25 02:16:15.283821
739,14,42,,2026-06-07,132368,3492,332,978.43,CNY,2026-01-25 02:16:15.283821
740,14,42,,2026-06-08,21775,353,41,820.40,CNY,2026-01-25 02:16:15.283821
741,14,42,,2026-06-09,119912,2950,169,1152.05,CNY,2026-01-25 02:16:15.283821
742,14,42,,2026-06-10,87155,3244,164,2357.82,CNY,2026-01-25 02:16:15.283821
743,7,43,,2025-11-06,185156,7335,819,2898.49,CNY,2026-01-25 02:16:15.283821
744,7,43,,2025-11-07,117830,1461,203,524.05,CNY,2026-01-25 02:16:15.283821
745,7,43,,2025-11-08,174392,3476,467,2632.70,CNY,2026-01-25 02:16:15.283821
746,7,43,,2025-11-09,16315,536,48,1698.72,CNY,2026-01-25 02:16:15.283821
747,7,43,,2025-11-10,49819,1981,292,2617.32,CNY,2026-01-25 02:16:15.283821
748,7,43,,2025-11-11,144686,5727,571,859.95,CNY,2026-01-25 02:16:15.283821
749,7,43,,2025-11-12,94182,3652,282,882.75,CNY,2026-01-25 02:16:15.283821
750,7,43,,2025-11-13,101116,1287,184,1285.85,CNY,2026-01-25 02:16:15.283821
751,7,43,,2025-11-14,42676,445,40,1662.36,CNY,2026-01-25 02:16:15.283821
752,7,43,,2025-11-15,52856,1525,224,1268.82,CNY,2026-01-25 02:16:15.283821
753,7,43,,2025-11-16,187299,5222,269,883.57,CNY,2026-01-25 02:16:15.283821
754,7,43,,2025-11-17,26741,806,87,2426.02,CNY,2026-01-25 02:16:15.283821
755,7,43,,2025-11-18,73045,2224,242,266.62,CNY,2026-01-25 02:16:15.283821
756,7,43,,2025-11-19,30047,686,83,2519.25,CNY,2026-01-25 02:16:15.283821
757,7,43,,2025-11-20,15918,407,57,2193.36,CNY,2026-01-25 02:16:15.283821
758,7,43,,2025-11-21,17959,412,22,1735.58,CNY,2026-01-25 02:16:15.283821
759,7,43,,2025-11-22,66456,1685,182,2510.23,CNY,2026-01-25 02:16:15.283821
760,7,43,,2025-11-23,191775,5512,734,1626.68,CNY,2026-01-25 02:16:15.283821
761,7,43,,2025-11-24,49817,1111,95,223.77,CNY,2026-01-25 02:16:15.283821
762,7,43,,2025-11-25,24510,384,21,2982.59,CNY,2026-01-25 02:16:15.283821
763,7,43,,2025-11-26,65661,2373,350,1244.76,CNY,2026-01-25 02:16:15.283821
764,7,43,,2025-11-27,114717,3516,472,2186.13,CNY,2026-01-25 02:16:15.283821
765,7,43,,2025-11-28,31104,739,46,2767.22,CNY,2026-01-25 02:16:15.283821
766,7,43,,2025-11-29,120977,2763,172,2812.66,CNY,2026-01-25 02:16:15.283821
767,7,43,,2025-11-30,155691,1931,261,563.82,CNY,2026-01-25 02:16:15.283821
768,7,43,,2025-12-01,114556,4313,297,779.82,CNY,2026-01-25 02:16:15.283821
769,7,43,,2025-12-02,155335,3546,274,1268.47,CNY,2026-01-25 02:16:15.283821
770,7,43,,2025-12-03,143626,4635,686,1375.65,CNY,2026-01-25 02:16:15.283821
771,1,44,,2025-11-02,110819,1613,100,396.16,CNY,2026-01-25 02:16:15.283821
772,1,44,,2025-11-03,39208,605,31,2153.03,CNY,2026-01-25 02:16:15.283821
773,1,44,,2025-11-04,116871,2510,283,1126.48,CNY,2026-01-25 02:16:15.283821
774,1,44,,2025-11-05,113240,1481,212,611.93,CNY,2026-01-25 02:16:15.283821
775,1,44,,2025-11-06,80307,3128,292,246.82,CNY,2026-01-25 02:16:15.283821
776,1,44,,2025-11-07,136349,2429,138,1754.88,CNY,2026-01-25 02:16:15.283821
777,1,44,,2025-11-08,61813,2106,290,2225.79,CNY,2026-01-25 02:16:15.283821
778,1,44,,2025-11-09,54201,804,76,2609.96,CNY,2026-01-25 02:16:15.283821
779,1,44,,2025-11-10,107887,1476,182,1810.16,CNY,2026-01-25 02:16:15.283821
780,1,44,,2025-11-11,164678,3956,225,425.63,CNY,2026-01-25 02:16:15.283821
781,1,44,,2025-11-12,142440,5332,638,2335.27,CNY,2026-01-25 02:16:15.283821
782,1,44,,2025-11-13,48925,1102,67,1482.87,CNY,2026-01-25 02:16:15.283821
783,1,44,,2025-11-14,18202,705,39,313.19,CNY,2026-01-25 02:16:15.283821
784,1,44,,2025-11-15,97706,3384,284,1602.71,CNY,2026-01-25 02:16:15.283821
785,1,44,,2025-11-16,63122,1981,169,278.46,CNY,2026-01-25 02:16:15.283821
786,1,44,,2025-11-17,114741,4531,267,2751.56,CNY,2026-01-25 02:16:15.283821
787,1,44,,2025-11-18,68872,2477,180,2261.26,CNY,2026-01-25 02:16:15.283821
788,1,44,,2025-11-19,147668,4533,580,2824.47,CNY,2026-01-25 02:16:15.283821
789,1,44,,2025-11-20,97968,3398,232,1085.50,CNY,2026-01-25 02:16:15.283821
790,1,44,,2025-11-21,114709,2273,161,284.23,CNY,2026-01-25 02:16:15.283821
791,1,44,,2025-11-22,196091,6678,989,1553.74,CNY,2026-01-25 02:16:15.283821
792,1,44,,2025-11-23,148979,1534,82,1970.42,CNY,2026-01-25 02:16:15.283821
793,1,44,,2025-11-24,24500,559,64,326.37,CNY,2026-01-25 02:16:15.283821
794,14,45,,2026-07-15,122134,2079,129,2575.99,CNY,2026-01-25 02:16:15.283821
795,14,45,,2026-07-16,52564,818,60,1815.56,CNY,2026-01-25 02:16:15.283821
796,14,45,,2026-07-17,40194,1176,140,273.43,CNY,2026-01-25 02:16:15.283821
797,14,45,,2026-07-18,131682,4410,434,1055.56,CNY,2026-01-25 02:16:15.283821
798,14,45,,2026-07-19,133737,1831,209,451.79,CNY,2026-01-25 02:16:15.283821
799,14,45,,2026-07-20,132131,3086,407,2151.16,CNY,2026-01-25 02:16:15.283821
800,14,45,,2026-07-21,130696,3533,240,2961.60,CNY,2026-01-25 02:16:15.283821
801,14,45,,2026-07-22,84212,1550,117,754.87,CNY,2026-01-25 02:16:15.283821
802,14,45,,2026-07-23,111570,2204,297,1657.73,CNY,2026-01-25 02:16:15.283821
803,14,45,,2026-07-24,79224,2628,190,1584.32,CNY,2026-01-25 02:16:15.283821
804,14,45,,2026-07-25,22181,686,57,987.35,CNY,2026-01-25 02:16:15.283821
805,14,45,,2026-07-26,69641,2225,258,2994.54,CNY,2026-01-25 02:16:15.283821
806,14,45,,2026-07-27,161141,4140,567,2681.84,CNY,2026-01-25 02:16:15.283821
807,14,45,,2026-07-28,126722,1408,153,2391.06,CNY,2026-01-25 02:16:15.283821
808,14,45,,2026-07-29,107985,2477,366,438.99,CNY,2026-01-25 02:16:15.283821
809,14,45,,2026-07-30,52115,1342,193,1895.70,CNY,2026-01-25 02:16:15.283821
810,14,45,,2026-07-31,100077,3307,213,2672.93,CNY,2026-01-25 02:16:15.283821
811,14,45,,2026-08-01,57308,2125,276,734.16,CNY,2026-01-25 02:16:15.283821
812,14,45,,2026-08-02,46811,1029,77,656.67,CNY,2026-01-25 02:16:15.283821
813,14,45,,2026-08-03,79980,1638,208,305.69,CNY,2026-01-25 02:16:15.283821
814,14,45,,2026-08-04,24461,823,73,609.53,CNY,2026-01-25 02:16:15.283821
815,14,45,,2026-08-05,156935,5282,645,2812.37,CNY,2026-01-25 02:16:15.283821
816,14,45,,2026-08-06,45440,1655,108,1042.89,CNY,2026-01-25 02:16:15.283821
817,14,45,,2026-08-07,92647,2755,337,2163.51,CNY,2026-01-25 02:16:15.283821
818,14,45,,2026-08-08,21181,432,37,1238.24,CNY,2026-01-25 02:16:15.283821
819,14,45,,2026-08-09,197419,7711,1032,2524.84,CNY,2026-01-25 02:16:15.283821
820,14,45,,2026-08-10,194482,6507,818,2972.94,CNY,2026-01-25 02:16:15.283821
821,14,45,,2026-08-11,125491,1779,123,2644.69,CNY,2026-01-25 02:16:15.283821
822,14,45,,2026-08-12,189601,5532,483,2754.27,CNY,2026-01-25 02:16:15.283821
823,14,46,,2026-07-19,187708,5100,746,2486.46,CNY,2026-01-25 02:16:15.283821
824,14,46,,2026-07-20,50296,645,70,902.30,CNY,2026-01-25 02:16:15.283821
825,14,46,,2026-07-21,38708,777,103,394.53,CNY,2026-01-25 02:16:15.283821
826,14,46,,2026-07-22,49786,1200,63,2956.21,CNY,2026-01-25 02:16:15.283821
827,14,46,,2026-07-23,158873,3645,482,756.66,CNY,2026-01-25 02:16:15.283821
828,14,46,,2026-07-24,39958,625,83,1171.59,CNY,2026-01-25 02:16:15.283821
829,14,46,,2026-07-25,44054,764,42,2894.38,CNY,2026-01-25 02:16:15.283821
830,14,46,,2026-07-26,96577,1783,152,2109.32,CNY,2026-01-25 02:16:15.283821
831,14,46,,2026-07-27,120098,1736,113,2856.32,CNY,2026-01-25 02:16:15.283821
832,14,46,,2026-07-28,87981,2273,176,1901.72,CNY,2026-01-25 02:16:15.283821
833,14,46,,2026-07-29,107265,1854,190,968.17,CNY,2026-01-25 02:16:15.283821
834,14,46,,2026-07-30,196816,7310,935,1040.59,CNY,2026-01-25 02:16:15.283821
835,14,46,,2026-07-31,10995,239,22,2606.73,CNY,2026-01-25 02:16:15.283821
836,14,46,,2026-08-01,40858,1152,166,2973.43,CNY,2026-01-25 02:16:15.283821
837,14,46,,2026-08-02,36733,1166,149,1163.27,CNY,2026-01-25 02:16:15.283821
838,14,46,,2026-08-03,106405,2744,294,1239.56,CNY,2026-01-25 02:16:15.283821
839,14,46,,2026-08-04,114508,1818,98,2564.58,CNY,2026-01-25 02:16:15.283821
840,14,46,,2026-08-05,109813,2849,223,2008.01,CNY,2026-01-25 02:16:15.283821
841,14,46,,2026-08-06,183936,3264,274,319.53,CNY,2026-01-25 02:16:15.283821
842,14,46,,2026-08-07,76357,1579,145,2799.10,CNY,2026-01-25 02:16:15.283821
843,14,46,,2026-08-08,100954,2357,292,1143.03,CNY,2026-01-25 02:16:15.283821
844,2,47,,2026-04-17,177053,6741,633,1070.66,CNY,2026-01-25 02:16:15.283821
845,2,47,,2026-04-18,171350,6724,522,2780.47,CNY,2026-01-25 02:16:15.283821
846,2,47,,2026-04-19,140812,4443,370,452.15,CNY,2026-01-25 02:16:15.283821
847,2,47,,2026-04-20,177697,4338,335,1326.26,CNY,2026-01-25 02:16:15.283821
848,2,47,,2026-04-21,21206,400,57,1582.42,CNY,2026-01-25 02:16:15.283821
849,2,47,,2026-04-22,72245,1528,105,1903.97,CNY,2026-01-25 02:16:15.283821
850,2,47,,2026-04-23,116456,1704,233,1229.54,CNY,2026-01-25 02:16:15.283821
851,2,47,,2026-04-24,20018,524,68,2635.44,CNY,2026-01-25 02:16:15.283821
852,2,47,,2026-04-25,187485,7141,787,1670.21,CNY,2026-01-25 02:16:15.283821
853,2,47,,2026-04-26,161092,3076,301,1630.98,CNY,2026-01-25 02:16:15.283821
854,2,47,,2026-04-27,174599,4559,413,2477.20,CNY,2026-01-25 02:16:15.283821
855,8,48,,2026-03-18,55041,981,53,2221.02,CNY,2026-01-25 02:16:15.283821
856,8,48,,2026-03-19,120699,4155,513,2909.68,CNY,2026-01-25 02:16:15.283821
857,8,48,,2026-03-20,47507,987,80,303.74,CNY,2026-01-25 02:16:15.283821
858,8,48,,2026-03-21,161219,4785,473,1085.11,CNY,2026-01-25 02:16:15.283821
859,8,48,,2026-03-22,108841,3051,195,1743.24,CNY,2026-01-25 02:16:15.283821
860,8,48,,2026-03-23,126591,4351,450,242.98,CNY,2026-01-25 02:16:15.283821
861,8,48,,2026-03-24,86991,1614,230,841.26,CNY,2026-01-25 02:16:15.283821
862,8,48,,2026-03-25,43651,1316,140,1577.03,CNY,2026-01-25 02:16:15.283821
863,8,48,,2026-03-26,186080,6766,819,815.96,CNY,2026-01-25 02:16:15.283821
864,8,48,,2026-03-27,191683,7018,399,1766.44,CNY,2026-01-25 02:16:15.283821
865,8,48,,2026-03-28,71686,2574,381,351.86,CNY,2026-01-25 02:16:15.283821
866,8,48,,2026-03-29,69079,2574,303,2540.29,CNY,2026-01-25 02:16:15.283821
867,8,48,,2026-03-30,115604,3849,229,753.59,CNY,2026-01-25 02:16:15.283821
868,8,48,,2026-03-31,159580,5949,878,1260.87,CNY,2026-01-25 02:16:15.283821
869,8,48,,2026-04-01,61250,1118,157,1917.91,CNY,2026-01-25 02:16:15.283821
870,8,48,,2026-04-02,186754,5124,698,590.09,CNY,2026-01-25 02:16:15.283821
871,8,48,,2026-04-03,24659,983,64,1457.27,CNY,2026-01-25 02:16:15.283821
872,8,48,,2026-04-04,25185,402,53,2914.10,CNY,2026-01-25 02:16:15.283821
873,8,48,,2026-04-05,163454,2645,316,1259.54,CNY,2026-01-25 02:16:15.283821
874,8,48,,2026-04-06,13227,147,20,1648.33,CNY,2026-01-25 02:16:15.283821
875,8,48,,2026-04-07,161522,2437,325,2361.30,CNY,2026-01-25 02:16:15.283821
876,8,48,,2026-04-08,57804,1114,60,2723.94,CNY,2026-01-25 02:16:15.283821
877,8,48,,2026-04-09,69150,1444,114,2131.73,CNY,2026-01-25 02:16:15.283821
878,8,48,,2026-04-10,78799,2098,150,1217.71,CNY,2026-01-25 02:16:15.283821
879,8,48,,2026-04-11,21051,821,77,1948.92,CNY,2026-01-25 02:16:15.283821
880,8,48,,2026-04-12,52621,2064,117,2286.45,CNY,2026-01-25 02:16:15.283821
881,8,48,,2026-04-13,92756,2471,240,1290.93,CNY,2026-01-25 02:16:15.283821
882,8,48,,2026-04-14,170542,2818,347,1200.56,CNY,2026-01-25 02:16:15.283821
883,8,48,,2026-04-15,84131,2505,137,1671.20,CNY,2026-01-25 02:16:15.283821
884,8,48,,2026-04-16,70237,2542,140,2055.11,CNY,2026-01-25 02:16:15.283821
885,8,49,,2025-11-22,196366,6284,742,1495.25,CNY,2026-01-25 02:16:15.283821
886,8,49,,2025-11-23,75857,2350,301,2921.73,CNY,2026-01-25 02:16:15.283821
887,8,49,,2025-11-24,75486,3014,216,1916.85,CNY,2026-01-25 02:16:15.283821
888,8,49,,2025-11-25,120148,1439,88,1972.21,CNY,2026-01-25 02:16:15.283821
889,8,49,,2025-11-26,35632,954,132,1765.73,CNY,2026-01-25 02:16:15.283821
890,8,49,,2025-11-27,115578,4387,320,725.91,CNY,2026-01-25 02:16:15.283821
891,8,49,,2025-11-28,183843,6056,585,217.46,CNY,2026-01-25 02:16:15.283821
892,8,49,,2025-11-29,115156,1772,264,1581.55,CNY,2026-01-25 02:16:15.283821
893,8,49,,2025-11-30,44510,1094,115,1668.69,CNY,2026-01-25 02:16:15.283821
894,8,49,,2025-12-01,106130,2489,130,1065.97,CNY,2026-01-25 02:16:15.283821
895,8,49,,2025-12-02,48838,558,72,681.54,CNY,2026-01-25 02:16:15.283821
896,8,49,,2025-12-03,68748,2359,164,2327.15,CNY,2026-01-25 02:16:15.283821
897,8,49,,2025-12-04,42622,1098,162,2467.34,CNY,2026-01-25 02:16:15.283821
898,3,50,,2026-05-21,41245,1466,113,2555.39,CNY,2026-01-25 02:16:15.283821
899,3,50,,2026-05-22,98819,2029,192,1973.49,CNY,2026-01-25 02:16:15.283821
900,3,50,,2026-05-23,189278,2587,342,1952.46,CNY,2026-01-25 02:16:15.283821
901,3,50,,2026-05-24,13876,194,24,1084.37,CNY,2026-01-25 02:16:15.283821
902,3,50,,2026-05-25,153635,4172,373,1014.36,CNY,2026-01-25 02:16:15.283821
903,3,50,,2026-05-26,36543,1176,169,1442.14,CNY,2026-01-25 02:16:15.283821
904,3,50,,2026-05-27,119641,3223,217,924.66,CNY,2026-01-25 02:16:15.283821
905,3,50,,2026-05-28,61830,2115,296,1080.76,CNY,2026-01-25 02:16:15.283821
906,3,50,,2026-05-29,100388,3779,276,554.43,CNY,2026-01-25 02:16:15.283821
907,3,50,,2026-05-30,39178,1486,184,577.38,CNY,2026-01-25 02:16:15.283821
908,3,50,,2026-05-31,186034,4974,667,1103.43,CNY,2026-01-25 02:16:15.283821
909,3,50,,2026-06-01,91435,2096,278,379.17,CNY,2026-01-25 02:16:15.283821
910,3,50,,2026-06-02,75529,1865,97,2172.58,CNY,2026-01-25 02:16:15.283821
