id,product_id,tag_name,tag_type,created_at
1,1,家庭装,audience,2025-11-20 00:11:06.520077
2,1,买一送一,promotion,2025-11-20 00:11:06.520077
3,1,进口,feature,2025-11-20 00:11:06.520077
4,2,买一送一,promotion,2026-01-21 14:51:55.520077
5,2,四季通用,season,2026-01-21 14:51:55.520077
6,3,四季通用,season,2026-01-13 02:56:58.520077
7,3,学生专享,audience,2026-01-13 02:56:58.520077
8,3,限时特惠,promotion,2026-01-13 02:56:58.520077
9,3,文艺,style,2026-01-13 02:56:58.520077
10,4,夏季清凉,season,2025-11-10 05:36:20.520077
11,5,文艺,style,2025-11-06 02:44:11.520077
12,6,送礼佳品,audience,2025-12-06 00:10:20.520077
13,6,清仓,promotion,2025-12-06 00:10:20.520077
14,7,七天无理由,feature,2025-12-31 20:52:21.520077
15,7,四季通用,season,2025-12-31 20:52:21.520077
16,7,满减,promotion,2025-12-31 20:52:21.520077
17,7,文艺,style,2025-12-31 20:52:21.520077
18,8,秒杀,promotion,2025-11-03 19:50:19.520077
19,8,轻奢,style,2025-11-03 19:50:19.520077
20,8,进口,feature,2025-11-03 19:50:19.520077
21,9,清仓,promotion,2025-11-15 09:03:53.520077
22,9,秋冬保暖,season,2025-11-15 09:03:53.520077
23,9,包邮,feature,2025-11-15 09:03:53.520077
24,10,秒杀,promotion,2025-12-01 17:01:02.520077
25,10,正品保证,feature,2025-12-01 17:01:02.520077
26,10,文艺,style,2025-12-01 17:01:02.520077
27,10,情侣款,audience,2025-12-01 17:01:02.520077
28,11,家庭装,audience,2025-11-11 12:08:11.520077
29,11,包邮,feature,2025-11-11 12:08:11.520077
30,11,简约,style,2025-11-11 12:08:11.520077
31,11,春季新款,season,2025-11-11 12:08:11.520077
32,12,文艺,style,2025-11-24 05:34:36.520077
33,12,新品,promotion,2025-11-24 05:34:36.520077
34,12,正品保证,feature,2025-11-24 05:34:36.520077
35,13,潮流,style,2025-12-03 08:33:55.520077
36,13,送礼佳品,audience,2025-12-03 08:33:55.520077
37,13,包邮,feature,2025-12-03 08:33:55.520077
38,13,秒杀,promotion,2025-12-03 08:33:55.520077
39,14,情侣款,audience,2025-12-20 14:20:56.520077
40,14,秒杀,promotion,2025-12-20 14:20:56.520077
41,14,夏季清凉,season,2025-12-20 14:20:56.520077
42,14,正品保证,feature,2025-12-20 14:20:56.520077
43,15,送礼佳品,audience,2025-11-26 14:28:20.520077
44,15,夏季清凉,season,2025-11-26 14:28:20.520077
45,15,满减,promotion,2025-11-26 14:28:20.520077
46,15,复古,style,2025-11-26 14:28:20.520077
47,16,白领首选,audience,2025-12-04 04:01:44.520077
48,16,文艺,style,2025-12-04 04:01:44.520077
49,16,新品,promotion,2025-12-04 04:01:44.520077
50,16,四季通用,season,2025-12-04 04:01:44.520077
51,17,限时特惠,promotion,2025-12-15 17:44:24.520077
52,17,夏季清凉,season,2025-12-15 17:44:24.520077
53,17,急速发货,feature,2025-12-15 17:44:24.520077
54,18,简约,style,2026-01-01 02:43:33.520077
55,19,情侣款,audience,2025-12-10 05:23:50.520077
56,19,买一送一,promotion,2025-12-10 05:23:50.520077
57,19,轻奢,style,2025-12-10 05:23:50.520077
58,19,自营,feature,2025-12-10 05:23:50.520077
59,20,四季通用,season,2025-11-14 18:56:44.520077
60,21,学生专享,audience,2025-10-31 13:26:34.520077
61,21,包邮,feature,2025-10-31 13:26:34.520077
62,21,夏季清凉,season,2025-10-31 13:26:34.520077
63,22,清仓,promotion,2025-10-28 15:26:10.520077
64,22,家庭装,audience,2025-10-28 15:26:10.520077
65,23,买一送一,promotion,2025-11-10 14:31:43.520077
66,23,轻奢,style,2025-11-10 14:31:43.520077
67,23,自营,feature,2025-11-10 14:31:43.520077
68,23,送礼佳品,audience,2025-11-10 14:31:43.520077
69,24,买一送一,promotion,2025-10-31 21:00:53.520077
70,24,送礼佳品,audience,2025-10-31 21:00:53.520077
71,25,文艺,style,2026-01-07 07:29:10.520077
72,25,七天无理由,feature,2026-01-07 07:29:10.520077
73,26,春季新款,season,2026-01-12 12:41:16.520077
74,26,限时特惠,promotion,2026-01-12 12:41:16.520077
75,26,正品保证,feature,2026-01-12 12:41:16.520077
76,26,复古,style,2026-01-12 12:41:16.520077
77,27,情侣款,audience,2025-11-24 06:04:56.520077
78,28,简约,style,2025-12-28 15:54:35.520077
79,28,白领首选,audience,2025-12-28 15:54:35.520077
80,29,情侣款,audience,2026-01-21 09:38:39.520077
81,29,春季新款,season,2026-01-21 09:38:39.520077
82,30,复古,style,2025-11-25 11:39:37.520077
83,30,热销,promotion,2025-11-25 11:39:37.520077
84,30,进口,feature,2025-11-25 11:39:37.520077
85,31,简约,style,2026-01-20 03:42:41.520077
86,32,国潮,style,2025-12-03 21:32:28.520077
87,33,自营,feature,2026-01-23 21:00:39.520077
88,33,学生专享,audience,2026-01-23 21:00:39.520077
89,33,轻奢,style,2026-01-23 21:00:39.520077
90,33,清仓,promotion,2026-01-23 21:00:39.520077
91,34,复古,style,2025-11-25 12:03:58.520077
92,34,进口,feature,2025-11-25 12:03:58.520077
93,34,夏季清凉,season,2025-11-25 12:03:58.520077
94,34,热销,promotion,2025-11-25 12:03:58.520077
95,35,急速发货,feature,2025-12-14 17:54:02.520077
96,35,潮流,style,2025-12-14 17:54:02.520077
97,35,新品,promotion,2025-12-14 17:54:02.520077
98,36,七天无理由,feature,2025-12-05 10:43:46.520077
99,36,简约,style,2025-12-05 10:43:46.520077
100,36,春季新款,season,2025-12-05 10:43:46.520077
101,37,复古,style,2026-01-12 01:01:47.520077
102,37,热销,promotion,2026-01-12 01:01:47.520077
103,37,白领首选,audience,2026-01-12 01:01:47.520077
104,37,正品保证,feature,2026-01-12 01:01:47.520077
105,38,进口,feature,2026-01-06 05:30:00.520077
106,39,买一送一,promotion,2025-12-21 07:47:56.520077
107,39,四季通用,season,2025-12-21 07:47:56.520077
108,39,包邮,feature,2025-12-21 07:47:56.520077
109,39,复古,style,2025-12-21 07:47:56.520077
110,40,夏季清凉,season,2025-11-12 02:00:50.520077
111,40,白领首选,audience,2025-11-12 02:00:50.520077
112,40,七天无理由,feature,2025-11-12 02:00:50.520077
113,41,春季新款,season,2026-01-18 18:15:23.520077
114,42,简约,style,2025-11-10 23:26:44.520077
115,43,春季新款,season,2026-01-03 07:11:58.520077
116,43,文艺,style,2026-01-03 07:11:58.520077
117,43,送礼佳品,audience,2026-01-03 07:11:58.520077
118,44,七天无理由,feature,2025-11-03 00:55:53.520077
119,44,轻奢,style,2025-11-03 00:55:53.520077
120,45,国潮,style,2025-11-07 03:29:41.520077
121,45,限时特惠,promotion,2025-11-07 03:29:41.520077
122,46,文艺,style,2025-11-03 11:47:54.520077
123,46,秒杀,promotion,2025-11-03 11:47:54.520077
124,46,包邮,feature,2025-11-03 11:47:54.520077
125,47,潮流,style,2026-01-23 15:42:07.520077
126,48,热销,promotion,2025-11-23 17:03:46.520077
127,49,四季通用,season,2025-11-19 23:56:05.520077
128,49,家庭装,audience,2025-11-19 23:56:05.520077
129,49,热销,promotion,2025-11-19 23:56:05.520077
130,50,文艺,style,2025-12-11 03:37:34.520077
131,50,包邮,feature,2025-12-11 03:37:34.520077
132,51,买一送一,promotion,2025-11-27 02:31:07.520077
133,51,春季新款,season,2025-11-27 02:31:07.520077
134,51,情侣款,audience,2025-11-27 02:31:07.520077
135,52,秋冬保暖,season,2025-12-12 02:06:03.520077
136,52,进口,feature,2025-12-12 02:06:03.520077
137,52,热销,promotion,2025-12-12 02:06:03.520077
138,52,文艺,style,2025-12-12 02:06:03.520077
139,53,自营,feature,2025-12-18 00:44:33.520077
140,53,秋冬保暖,season,2025-12-18 00:44:33.520077
141,54,潮流,style,2026-01-14 06:11:53.520077
142,54,春季新款,season,2026-01-14 06:11:53.520077
143,54,买一送一,promotion,2026-01-14 06:11:53.520077
144,55,正品保证,feature,2025-12-03 02:40:02.520077
145,55,四季通用,season,2025-12-03 02:40:02.520077
146,56,学生专享,audience,2026-01-09 20:22:55.520077
147,57,秋冬保暖,season,2025-12-01 18:15:30.520077
148,57,满减,promotion,2025-12-01 18:15:30.520077
149,57,包邮,feature,2025-12-01 18:15:30.520077
150,57,学生专享,audience,2025-12-01 18:15:30.520077
151,58,秋冬保暖,season,2026-01-21 03:20:20.520077
152,59,新品,promotion,2025-12-04 11:32:03.520077
153,59,白领首选,audience,2025-12-04 11:32:03.520077
154,59,春季新款,season,2025-12-04 11:32:03.520077
155,59,进口,feature,2025-12-04 11:32:03.520077
156,60,限时特惠,promotion,2025-11-16 12:23:43.520077
157,60,家庭装,audience,2025-11-16 12:23:43.520077
158,61,送礼佳品,audience,2025-12-28 11:30:35.520077
159,61,夏季清凉,season,2025-12-28 11:30:35.520077
160,62,七天无理由,feature,2025-10-27 18:11:38.520077
161,63,复古,style,2025-10-30 00:01:38.520077
162,63,情侣款,audience,2025-10-30 00:01:38.520077
163,63,自营,feature,2025-10-30 00:01:38.520077
164,64,包邮,feature,2025-11-21 17:32:45.520077
165,65,买一送一,promotion,2025-11-03 14:30:22.520077
166,65,白领首选,audience,2025-11-03 14:30:22.520077
167,65,进口,feature,2025-11-03 14:30:22.520077
168,66,秋冬保暖,season,2025-12-17 01:59:24.520077
169,66,买一送一,promotion,2025-12-17 01:59:24.520077
170,67,自营,feature,2025-12-10 15:01:19.520077
171,68,满减,promotion,2025-10-29 03:45:45.520077
172,68,七天无理由,feature,2025-10-29 03:45:45.520077
173,68,白领首选,audience,2025-10-29 03:45:45.520077
174,68,夏季清凉,season,2025-10-29 03:45:45.520077
175,69,学生专享,audience,2026-01-07 11:55:36.520077
176,69,秋冬保暖,season,2026-01-07 11:55:36.520077
177,69,满减,promotion,2026-01-07 11:55:36.520077
178,69,急速发货,feature,2026-01-07 11:55:36.520077
179,70,满减,promotion,2026-01-13 05:22:20.520077
180,71,轻奢,style,2025-11-04 09:52:45.520077
181,72,复古,style,2025-12-01 15:09:24.520077
182,72,包邮,feature,2025-12-01 15:09:24.520077
183,72,热销,promotion,2025-12-01 15:09:24.520077
184,72,学生专享,audience,2025-12-01 15:09:24.520077
185,73,春季新款,season,2026-01-02 20:07:04.520077
186,74,清仓,promotion,2025-12-04 17:01:21.520077
187,74,国潮,style,2025-12-04 17:01:21.520077
188,74,进口,feature,2025-12-04 17:01:21.520077
189,75,潮流,style,2025-12-03 04:08:21.520077
190,75,白领首选,audience,2025-12-03 04:08:21.520077
191,75,急速发货,feature,2025-12-03 04:08:21.520077
192,75,秋冬保暖,season,2025-12-03 04:08:21.520077
193,76,秋冬保暖,season,2026-01-21 13:33:21.520077
194,77,国潮,style,2025-11-08 11:37:50.520077
195,78,七天无理由,feature,2025-11-09 01:03:53.520077
196,78,买一送一,promotion,2025-11-09 01:03:53.520077
197,78,情侣款,audience,2025-11-09 01:03:53.520077
198,79,秋冬保暖,season,2025-12-11 08:15:46.520077
199,79,满减,promotion,2025-12-11 08:15:46.520077
200,80,学生专享,audience,2025-11-30 07:57:31.520077
201,80,限时特惠,promotion,2025-11-30 07:57:31.520077
202,80,自营,feature,2025-11-30 07:57:31.520077
203,80,复古,style,2025-11-30 07:57:31.520077
204,81,文艺,style,2025-12-06 09:13:05.520077
205,81,夏季清凉,season,2025-12-06 09:13:05.520077
206,81,白领首选,audience,2025-12-06 09:13:05.520077
207,82,满减,promotion,2025-12-14 13:51:07.520077
208,83,学生专享,audience,2025-11-06 13:32:11.520077
209,83,限时特惠,promotion,2025-11-06 13:32:11.520077
210,83,国潮,style,2025-11-06 13:32:11.520077
211,84,秋冬保暖,season,2025-11-25 23:45:57.520077
212,85,热销,promotion,2026-01-14 01:18:10.520077
213,85,家庭装,audience,2026-01-14 01:18:10.520077
214,85,复古,style,2026-01-14 01:18:10.520077
215,85,自营,feature,2026-01-14 01:18:10.520077
216,86,文艺,style,2026-01-17 02:24:08.520077
217,86,秒杀,promotion,2026-01-17 02:24:08.520077
218,87,夏季清凉,season,2025-11-29 06:36:43.520077
219,87,正品保证,feature,2025-11-29 06:36:43.520077
220,87,清仓,promotion,2025-11-29 06:36:43.520077
221,87,送礼佳品,audience,2025-11-29 06:36:43.520077
222,88,包邮,feature,2025-12-17 04:41:34.520077
223,88,白领首选,audience,2025-12-17 04:41:34.520077
224,88,秒杀,promotion,2025-12-17 04:41:34.520077
225,89,学生专享,audience,2026-01-16 06:39:12.520077
226,90,秒杀,promotion,2025-11-16 21:22:30.520077
227,90,春季新款,season,2025-11-16 21:22:30.520077
228,90,自营,feature,2025-11-16 21:22:30.520077
229,90,白领首选,audience,2025-11-16 21:22:30.520077
230,91,国潮,style,2025-12-24 20:49:47.520077
231,91,正品保证,feature,2025-12-24 20:49:47.520077
232,91,家庭装,audience,2025-12-24 20:49:47.520077
233,92,急速发货,feature,2025-12-23 06:44:45.520077
234,92,学生专享,audience,2025-12-23 06:44:45.520077
235,93,复古,style,2025-11-16 12:23:39.520077
236,93,四季通用,season,2025-11-16 12:23:39.520077
237,94,清仓,promotion,2025-12-11 06:09:22.520077
238,94,春季新款,season,2025-12-11 06:09:22.520077
239,94,文艺,style,2025-12-11 06:09:22.520077
240,95,新品,promotion,2026-01-18 20:03:08.520077
241,95,轻奢,style,2026-01-18 20:03:08.520077
242,95,夏季清凉,season,2026-01-18 20:03:08.520077
243,95,七天无理由,feature,2026-01-18 20:03:08.520077
244,96,秒杀,promotion,2025-11-26 02:31:40.520077
245,96,学生专享,audience,2025-11-26 02:31:40.520077
246,97,正品保证,feature,2026-01-05 16:29:52.520077
247,97,买一送一,promotion,2026-01-05 16:29:52.520077
248,97,送礼佳品,audience,2026-01-05 16:29:52.520077
249,98,进口,feature,2026-01-23 18:48:55.520077
250,98,简约,style,2026-01-23 18:48:55.520077
251,98,白领首选,audience,2026-01-23 18:48:55.520077
252,99,包邮,feature,2025-12-02 04:03:18.520077
253,99,清仓,promotion,2025-12-02 04:03:18.520077
254,100,夏季清凉,season,2025-12-21 13:15:50.520077
255,100,新品,promotion,2025-12-21 13:15:50.520077
256,100,学生专享,audience,2025-12-21 13:15:50.520077
257,100,潮流,style,2025-12-21 13:15:50.520077
258,101,进口,feature,2026-01-05 11:13:17.520077
259,101,买一送一,promotion,2026-01-05 11:13:17.520077
260,101,白领首选,audience,2026-01-05 11:13:17.520077
261,101,文艺,style,2026-01-05 11:13:17.520077
262,102,复古,style,2025-12-17 08:58:36.520077
263,103,送礼佳品,audience,2025-12-14 05:04:20.520077
264,103,急速发货,feature,2025-12-14 05:04:20.520077
265,103,买一送一,promotion,2025-12-14 05:04:20.520077
266,104,热销,promotion,2025-12-12 07:32:37.520077
267,105,文艺,style,2025-12-20 08:46:35.520077
268,105,四季通用,season,2025-12-20 08:46:35.520077
269,105,急速发货,feature,2025-12-20 08:46:35.520077
270,106,秒杀,promotion,2025-11-11 07:16:39.520077
271,106,夏季清凉,season,2025-11-11 07:16:39.520077
272,106,包邮,feature,2025-11-11 07:16:39.520077
273,107,七天无理由,feature,2025-12-26 20:04:38.520077
274,107,国潮,style,2025-12-26 20:04:38.520077
275,108,家庭装,audience,2025-12-25 17:40:09.520077
276,108,春季新款,season,2025-12-25 17:40:09.520077
277,109,秋冬保暖,season,2025-11-09 20:59:57.520077
278,109,正品保证,feature,2025-11-09 20:59:57.520077
279,109,轻奢,style,2025-11-09 20:59:57.520077
280,110,自营,feature,2025-11-21 07:23:45.520077
281,110,秒杀,promotion,2025-11-21 07:23:45.520077
282,110,轻奢,style,2025-11-21 07:23:45.520077
283,111,复古,style,2025-12-18 19:32:48.520077
284,111,春季新款,season,2025-12-18 19:32:48.520077
285,111,白领首选,audience,2025-12-18 19:32:48.520077
286,112,夏季清凉,season,2025-12-04 06:32:12.520077
287,112,正品保证,feature,2025-12-04 06:32:12.520077
288,113,正品保证,feature,2025-11-10 10:00:27.520077
289,113,夏季清凉,season,2025-11-10 10:00:27.520077
290,114,学生专享,audience,2026-01-24 22:25:15.520077
291,114,简约,style,2026-01-24 22:25:15.520077
292,115,简约,style,2025-12-30 23:27:49.520077
293,116,夏季清凉,season,2025-11-10 05:09:41.520077
294,116,限时特惠,promotion,2025-11-10 05:09:41.520077
295,117,四季通用,season,2025-12-17 19:41:17.520077
296,117,情侣款,audience,2025-12-17 19:41:17.520077
297,117,七天无理由,feature,2025-12-17 19:41:17.520077
298,118,春季新款,season,2025-11-06 19:28:52.520077
299,118,情侣款,audience,2025-11-06 19:28:52.520077
300,118,秒杀,promotion,2025-11-06 19:28:52.520077
301,119,七天无理由,feature,2025-11-03 14:03:06.520077
302,120,买一送一,promotion,2026-01-11 04:15:03.520077
303,120,正品保证,feature,2026-01-11 04:15:03.520077
304,120,夏季清凉,season,2026-01-11 04:15:03.520077
305,120,白领首选,audience,2026-01-11 04:15:03.520077
306,121,家庭装,audience,2025-11-02 22:44:08.520077
307,121,正品保证,feature,2025-11-02 22:44:08.520077
308,122,夏季清凉,season,2025-10-30 07:16:27.520077
309,122,限时特惠,promotion,2025-10-30 07:16:27.520077
310,123,热销,promotion,2025-11-27 18:22:13.520077
311,123,情侣款,audience,2025-11-27 18:22:13.520077
312,123,潮流,style,2025-11-27 18:22:13.520077
313,123,春季新款,season,2025-11-27 18:22:13.520077
314,124,国潮,style,2025-11-15 02:14:29.520077
315,124,秒杀,promotion,2025-11-15 02:14:29.520077
316,124,白领首选,audience,2025-11-15 02:14:29.520077
317,125,家庭装,audience,2025-11-17 15:26:00.520077
318,125,限时特惠,promotion,2025-11-17 15:26:00.520077
319,125,急速发货,feature,2025-11-17 15:26:00.520077
320,125,春季新款,season,2025-11-17 15:26:00.520077
321,126,满减,promotion,2025-11-27 21:56:51.520077
322,126,夏季清凉,season,2025-11-27 21:56:51.520077
323,127,热销,promotion,2025-12-09 08:42:52.520077
324,127,四季通用,season,2025-12-09 08:42:52.520077
325,127,自营,feature,2025-12-09 08:42:52.520077
326,128,正品保证,feature,2025-12-09 20:49:49.520077
327,128,复古,style,2025-12-09 20:49:49.520077
328,129,情侣款,audience,2026-01-06 01:04:10.520077
329,129,夏季清凉,season,2026-01-06 01:04:10.520077
330,129,复古,style,2026-01-06 01:04:10.520077
331,130,急速发货,feature,2025-11-10 17:24:46.520077
332,130,满减,promotion,2025-11-10 17:24:46.520077
333,131,家庭装,audience,2025-11-30 05:22:01.520077
334,132,白领首选,audience,2025-10-31 01:52:55.520077
335,132,四季通用,season,2025-10-31 01:52:55.520077
336,132,简约,style,2025-10-31 01:52:55.520077
337,132,正品保证,feature,2025-10-31 01:52:55.520077
338,133,白领首选,audience,2025-11-03 04:31:07.520077
339,134,四季通用,season,2025-11-12 05:39:19.520077
340,134,情侣款,audience,2025-11-12 05:39:19.520077
341,134,满减,promotion,2025-11-12 05:39:19.520077
342,135,秒杀,promotion,2025-11-08 03:19:32.520077
343,135,夏季清凉,season,2025-11-08 03:19:32.520077
344,135,家庭装,audience,2025-11-08 03:19:32.520077
345,135,包邮,feature,2025-11-08 03:19:32.520077
346,136,秋冬保暖,season,2025-11-02 03:40:13.520077
347,136,国潮,style,2025-11-02 03:40:13.520077
348,137,七天无理由,feature,2025-12-19 15:53:55.520077
349,138,春季新款,season,2025-12-13 02:34:23.520077
350,139,七天无理由,feature,2026-01-23 21:27:40.520077
351,139,四季通用,season,2026-01-23 21:27:40.520077
352,139,满减,promotion,2026-01-23 21:27:40.520077
353,140,潮流,style,2026-01-13 04:00:10.520077
354,141,急速发货,feature,2025-11-27 18:29:49.520077
355,141,秋冬保暖,season,2025-11-27 18:29:49.520077
356,141,买一送一,promotion,2025-11-27 18:29:49.520077
357,142,送礼佳品,audience,2025-11-24 17:13:57.520077
358,143,秋冬保暖,season,2025-12-31 04:33:12.520077
359,143,简约,style,2025-12-31 04:33:12.520077
360,144,夏季清凉,season,2025-12-03 23:54:29.520077
361,145,轻奢,style,2025-11-29 23:05:53.520077
362,146,急速发货,feature,2025-12-22 19:47:05.520077
363,146,春季新款,season,2025-12-22 19:47:05.520077
364,146,秒杀,promotion,2025-12-22 19:47:05.520077
365,146,送礼佳品,audience,2025-12-22 19:47:05.520077
366,147,四季通用,season,2025-11-13 08:35:44.520077
367,148,夏季清凉,season,2026-01-05 23:29:46.520077
368,148,清仓,promotion,2026-01-05 23:29:46.520077
369,148,简约,style,2026-01-05 23:29:46.520077
370,149,情侣款,audience,2025-11-27 00:21:29.520077
371,149,潮流,style,2025-11-27 00:21:29.520077
372,149,夏季清凉,season,2025-11-27 00:21:29.520077
373,150,家庭装,audience,2025-10-29 14:16:34.520077
374,150,正品保证,feature,2025-10-29 14:16:34.520077
375,150,复古,style,2025-10-29 14:16:34.520077
376,151,进口,feature,2026-01-06 10:31:38.520077
377,151,春季新款,season,2026-01-06 10:31:38.520077
378,151,清仓,promotion,2026-01-06 10:31:38.520077
379,152,四季通用,season,2026-01-09 06:30:24.520077
380,152,轻奢,style,2026-01-09 06:30:24.520077
381,152,自营,feature,2026-01-09 06:30:24.520077
382,153,四季通用,season,2025-12-24 20:57:10.520077
383,153,国潮,style,2025-12-24 20:57:10.520077
384,153,学生专享,audience,2025-12-24 20:57:10.520077
385,153,七天无理由,feature,2025-12-24 20:57:10.520077
386,154,送礼佳品,audience,2026-01-15 11:15:52.520077
387,154,包邮,feature,2026-01-15 11:15:52.520077
388,154,夏季清凉,season,2026-01-15 11:15:52.520077
389,154,文艺,style,2026-01-15 11:15:52.520077
390,155,自营,feature,2025-12-04 06:51:18.520077
391,155,送礼佳品,audience,2025-12-04 06:51:18.520077
392,155,夏季清凉,season,2025-12-04 06:51:18.520077
393,156,学生专享,audience,2026-01-13 16:56:53.520077
394,157,送礼佳品,audience,2025-11-01 21:07:13.520077
395,157,急速发货,feature,2025-11-01 21:07:13.520077
396,158,进口,feature,2026-01-23 20:31:55.520077
397,158,国潮,style,2026-01-23 20:31:55.520077
398,158,春季新款,season,2026-01-23 20:31:55.520077
399,158,送礼佳品,audience,2026-01-23 20:31:55.520077
400,159,家庭装,audience,2025-12-27 00:18:52.520077
401,159,四季通用,season,2025-12-27 00:18:52.520077
402,159,急速发货,feature,2025-12-27 00:18:52.520077
403,160,夏季清凉,season,2025-12-22 11:52:34.520077
404,160,简约,style,2025-12-22 11:52:34.520077
405,160,进口,feature,2025-12-22 11:52:34.520077
406,161,学生专享,audience,2026-01-08 15:46:14.520077
407,161,急速发货,feature,2026-01-08 15:46:14.520077
408,161,复古,style,2026-01-08 15:46:14.520077
409,162,情侣款,audience,2025-12-27 17:59:35.520077
410,162,夏季清凉,season,2025-12-27 17:59:35.520077
411,163,春季新款,season,2025-12-16 21:53:26.520077
412,163,包邮,feature,2025-12-16 21:53:26.520077
413,164,满减,promotion,2025-11-17 16:10:30.520077
414,164,送礼佳品,audience,2025-11-17 16:10:30.520077
415,165,自营,feature,2026-01-03 04:26:29.520077
416,166,复古,style,2026-01-03 13:51:26.520077
417,166,秋冬保暖,season,2026-01-03 13:51:26.520077
418,166,限时特惠,promotion,2026-01-03 13:51:26.520077
419,166,送礼佳品,audience,2026-01-03 13:51:26.520077
420,167,七天无理由,feature,2026-01-18 16:22:31.520077
421,168,国潮,style,2025-11-09 07:58:21.520077
422,168,满减,promotion,2025-11-09 07:58:21.520077
423,168,白领首选,audience,2025-11-09 07:58:21.520077
424,168,急速发货,feature,2025-11-09 07:58:21.520077
425,169,自营,feature,2025-12-14 13:57:03.520077
426,169,家庭装,audience,2025-12-14 13:57:03.520077
427,169,轻奢,style,2025-12-14 13:57:03.520077
428,169,新品,promotion,2025-12-14 13:57:03.520077
429,170,新品,promotion,2026-01-22 11:39:17.520077
430,170,轻奢,style,2026-01-22 11:39:17.520077
431,170,秋冬保暖,season,2026-01-22 11:39:17.520077
432,170,包邮,feature,2026-01-22 11:39:17.520077
433,171,满减,promotion,2025-11-20 10:14:17.520077
434,171,家庭装,audience,2025-11-20 10:14:17.520077
435,172,春季新款,season,2026-01-03 20:40:06.520077
436,173,清仓,promotion,2025-12-27 22:12:10.520077
437,173,情侣款,audience,2025-12-27 22:12:10.520077
438,173,简约,style,2025-12-27 22:12:10.520077
439,173,四季通用,season,2025-12-27 22:12:10.520077
440,174,自营,feature,2025-12-20 23:37:37.520077
441,174,潮流,style,2025-12-20 23:37:37.520077
442,174,学生专享,audience,2025-12-20 23:37:37.520077
443,175,进口,feature,2025-12-14 03:21:23.520077
444,175,秒杀,promotion,2025-12-14 03:21:23.520077
445,175,春季新款,season,2025-12-14 03:21:23.520077
446,176,急速发货,feature,2025-12-12 13:33:00.520077
447,176,白领首选,audience,2025-12-12 13:33:00.520077
448,176,春季新款,season,2025-12-12 13:33:00.520077
449,177,四季通用,season,2025-11-19 06:59:29.520077
450,178,四季通用,season,2025-12-27 05:49:25.520077
451,178,进口,feature,2025-12-27 05:49:25.520077
452,179,急速发货,feature,2025-11-10 01:19:09.520077
453,179,轻奢,style,2025-11-10 01:19:09.520077
454,179,热销,promotion,2025-11-10 01:19:09.520077
455,180,急速发货,feature,2025-12-31 09:21:37.520077
456,180,潮流,style,2025-12-31 09:21:37.520077
457,180,情侣款,audience,2025-12-31 09:21:37.520077
458,181,秋冬保暖,season,2025-12-28 14:31:46.520077
459,181,包邮,feature,2025-12-28 14:31:46.520077
460,181,轻奢,style,2025-12-28 14:31:46.520077
461,181,学生专享,audience,2025-12-28 14:31:46.520077
462,182,学生专享,audience,2025-12-02 21:00:10.520077
463,182,限时特惠,promotion,2025-12-02 21:00:10.520077
464,182,国潮,style,2025-12-02 21:00:10.520077
465,182,进口,feature,2025-12-02 21:00:10.520077
466,183,进口,feature,2025-11-08 18:02:10.520077
467,183,秒杀,promotion,2025-11-08 18:02:10.520077
468,184,春季新款,season,2025-12-25 05:40:34.520077
469,185,正品保证,feature,2025-12-13 15:33:24.520077
470,186,秋冬保暖,season,2025-11-08 17:29:26.520077
471,186,包邮,feature,2025-11-08 17:29:26.520077
472,186,学生专享,audience,2025-11-08 17:29:26.520077
473,187,正品保证,feature,2025-12-02 21:36:31.520077
474,187,潮流,style,2025-12-02 21:36:31.520077
475,187,清仓,promotion,2025-12-02 21:36:31.520077
476,188,热销,promotion,2026-01-07 23:13:07.520077
477,188,文艺,style,2026-01-07 23:13:07.520077
478,189,清仓,promotion,2026-01-20 19:57:37.520077
479,189,送礼佳品,audience,2026-01-20 19:57:37.520077
480,189,轻奢,style,2026-01-20 19:57:37.520077
481,190,急速发货,feature,2025-12-13 01:09:31.520077
482,190,简约,style,2025-12-13 01:09:31.520077
483,191,自营,feature,2025-11-07 21:12:51.520077
484,191,买一送一,promotion,2025-11-07 21:12:51.520077
485,191,四季通用,season,2025-11-07 21:12:51.520077
486,192,学生专享,audience,2025-12-04 08:44:13.520077
487,193,满减,promotion,2026-01-19 06:09:52.520077
488,193,送礼佳品,audience,2026-01-19 06:09:52.520077
489,193,四季通用,season,2026-01-19 06:09:52.520077
490,193,轻奢,style,2026-01-19 06:09:52.520077
491,194,秒杀,promotion,2025-12-12 08:22:55.520077
492,194,春季新款,season,2025-12-12 08:22:55.520077
493,194,进口,feature,2025-12-12 08:22:55.520077
494,195,清仓,promotion,2025-10-28 03:26:17.520077
495,195,春季新款,season,2025-10-28 03:26:17.520077
496,195,简约,style,2025-10-28 03:26:17.520077
497,196,国潮,style,2025-11-10 21:36:28.520077
498,196,新品,promotion,2025-11-10 21:36:28.520077
499,196,学生专享,audience,2025-11-10 21:36:28.520077
500,197,家庭装,audience,2026-01-05 18:16:04.520077
501,197,夏季清凉,season,2026-01-05 18:16:04.520077
502,198,家庭装,audience,2025-12-31 10:00:32.520077
503,198,潮流,style,2025-12-31 10:00:32.520077
504,198,春季新款,season,2025-12-31 10:00:32.520077
505,199,正品保证,feature,2026-01-23 06:15:19.520077
506,199,情侣款,audience,2026-01-23 06:15:19.520077
507,199,夏季清凉,season,2026-01-23 06:15:19.520077
508,199,满减,promotion,2026-01-23 06:15:19.520077
509,200,复古,style,2026-01-08 03:14:14.520077
510,200,四季通用,season,2026-01-08 03:14:14.520077
511,200,七天无理由,feature,2026-01-08 03:14:14.520077
512,200,白领首选,audience,2026-01-08 03:14:14.520077
