user_id,username,email,phone,registered_at,registration_source,status,user_level,is_vip,last_active_at,created_at,updated_at
1,changlei,jungao@example.net,13781960013,2026-01-07 14:11:10.53532,huawei_store,active,4,f,2026-01-18 03:06:01.53532,2026-01-25 02:16:11.333435,2026-01-25 02:16:11.333435
2,xiejuan,cjiang@example.net,15102654235,2025-12-07 04:33:22.53532,ad_campaign,active,3,f,2026-01-09 06:08:02.53532,2026-01-25 02:16:11.333435,2026-01-25 02:16:11.333435
3,wduan,xiuying40@example.net,18781618495,2025-11-19 03:08:50.53532,organic,active,2,f,2025-12-22 07:58:51.53532,2026-01-25 02:16:11.333435,2026-01-25 02:16:11.333435
4,chengyong,lidong@example.org,18016475255,2025-11-26 00:18:00.53532,referral,active,2,f,2025-11-26 00:18:00.53532,2026-01-25 02:16:11.333435,2026-01-25 02:16:11.333435
5,yaoyang,xiakong@example.org,18764835030,2025-12-04 09:42:44.53532,huawei_store,active,5,f,2026-01-18 08:10:22.53532,2026-01-25 02:16:11.333435,2026-01-25 02:16:11.333435
6,na41,xiulanlu@example.org,15576724238,2025-12-25 17:47:17.53532,web,active,3,f,2026-01-03 02:26:29.53532,2026-01-25 02:16:11.333435,2026-01-25 02:16:11.333435
7,opan,weiwan@example.org,14501226916,2025-11-09 10:29:53.53532,google_play,active,2,f,2026-01-08 05:17:02.53532,2026-01-25 02:16:11.333435,2026-01-25 02:16:11.333435
8,qwu,zhongguiying@example.net,18184514627,2025-12-12 02:43:28.53532,wechat_mini,active,3,f,2025-12-29 12:22:51.53532,2026-01-25 02:16:11.333435,2026-01-25 02:16:11.333435
9,wei28,yinli@example.net,13093252880,2026-01-15 00:15:56.53532,wechat_mini,inactive,1,f,2026-01-24 14:01:00.53532,2026-01-25 02:16:11.333435,2026-01-25 02:16:11.333435
10,hcao,li30@example.org,18191171822,2025-10-27 16:11:51.53532,web,active,1,f,2025-12-31 22:06:42.53532,2026-01-25 02:16:11.333435,2026-01-25 02:16:11.333435
11,kxiao,wei96@example.org,18983465787,2025-12-16 08:46:16.53532,huawei_store,active,1,f,2026-01-23 05:55:30.53532,2026-01-25 02:16:11.333435,2026-01-25 02:16:11.333435
12,gangmao,yanxia@example.org,13230103105,2025-11-18 16:32:11.53532,huawei_store,inactive,2,f,2025-12-20 12:55:40.53532,2026-01-25 02:16:11.333435,2026-01-25 02:16:11.333435
13,weijun,yong73@example.net,13899737631,2026-01-22 21:09:43.53532,app_store,active,1,f,2026-01-24 20:44:52.53532,2026-01-25 02:16:11.333435,2026-01-25 02:16:11.333435
14,rcui,daina@example.net,15713338726,2026-01-08 16:01:56.53532,google_play,active,3,f,2026-01-23 01:42:50.53532,2026-01-25 02:16:11.333435,2026-01-25 02:16:11.333435
15,ekong,gxiao@example.org,15580132677,2025-12-27 12:25:39.53532,google_play,active,1,f,2026-01-13 02:13:27.53532,2026-01-25 02:16:11.333435,2026-01-25 02:16:11.333435
16,ybai,qiang46@example.net,18687234309,2026-01-03 16:47:14.53532,app_store,active,3,f,2026-01-20 17:46:34.53532,2026-01-25 02:16:11.333435,2026-01-25 02:16:11.333435
17,lufang,xuetao@example.net,18982081219,2025-12-26 08:19:11.53532,referral,active,2,t,2026-01-23 09:05:19.53532,2026-01-25 02:16:11.333435,2026-01-25 02:16:11.333435
18,nafeng,xiulanyang@example.org,14516998543,2026-01-21 16:35:20.53532,ad_campaign,inactive,1,t,2026-01-22 17:14:53.53532,2026-01-25 02:16:11.333435,2026-01-25 02:16:11.333435
19,jun46,yongyuan@example.com,18751079911,2025-11-25 22:45:25.53532,google_play,active,1,f,2026-01-17 18:30:20.53532,2026-01-25 02:16:11.333435,2026-01-25 02:16:11.333435
20,weilei,mingdeng@example.org,15842784980,2025-10-31 20:19:55.53532,app_store,active,3,f,2026-01-12 07:56:04.53532,2026-01-25 02:16:11.333435,2026-01-25 02:16:11.333435
21,yong12,guiying18@example.org,15149353487,2025-11-04 23:28:06.53532,organic,active,2,f,2025-12-21 05:05:52.53532,2026-01-25 02:16:11.333435,2026-01-25 02:16:11.333435
22,duyang,cliang@example.org,15724278680,2025-11-11 01:42:35.53532,organic,active,1,f,2025-12-18 02:10:48.53532,2026-01-25 02:16:11.333435,2026-01-25 02:16:11.333435
23,xiachen,xiulan82@example.com,13804505331,2025-11-11 11:48:21.53532,huawei_store,active,2,f,2025-11-26 20:39:14.53532,2026-01-25 02:16:11.333435,2026-01-25 02:16:11.333435
24,xia69,junguo@example.org,18160256342,2025-11-02 07:44:20.53532,ad_campaign,active,1,f,2025-11-11 02:05:30.53532,2026-01-25 02:16:11.333435,2026-01-25 02:16:11.333435
25,tangjun,qiangmeng@example.com,15333036541,2025-12-02 05:01:52.53532,organic,active,1,f,2025-12-15 17:27:05.53532,2026-01-25 02:16:11.333435,2026-01-25 02:16:11.333435
26,ming86,chao14@example.org,13240196556,2025-12-12 13:35:43.53532,app_store,active,2,f,2026-01-14 18:00:03.53532,2026-01-25 02:16:11.333435,2026-01-25 02:16:11.333435
27,qiaoxiulan,leicheng@example.net,18208835615,2026-01-14 06:13:15.53532,web,inactive,4,f,2026-01-14 06:13:15.53532,2026-01-25 02:16:11.333435,2026-01-25 02:16:11.333435
28,liuwei,yong65@example.com,18548236629,2026-01-04 16:31:43.53532,wechat_mini,active,3,t,2026-01-08 23:09:25.53532,2026-01-25 02:16:11.333435,2026-01-25 02:16:11.333435
29,axiao,li36@example.net,14557773872,2025-11-23 08:57:37.53532,google_play,active,1,f,2025-12-23 00:23:06.53532,2026-01-25 02:16:11.333435,2026-01-25 02:16:11.333435
30,wei95,kangyong@example.com,15032003791,2025-12-28 16:50:29.53532,referral,active,5,f,2026-01-23 12:12:03.53532,2026-01-25 02:16:11.333435,2026-01-25 02:16:11.333435
31,yanzhu,zwan@example.org,13801632870,2025-11-20 06:10:59.53532,huawei_store,active,4,f,2025-11-20 06:10:59.53532,2026-01-25 02:16:11.333435,2026-01-25 02:16:11.333435
32,sunjie,hzhao@example.net,14557986872,2025-12-11 08:03:21.53532,referral,inactive,2,t,2025-12-11 08:03:21.53532,2026-01-25 02:16:11.333435,2026-01-25 02:16:11.333435
33,qsu,yangliang@example.net,18834714345,2026-01-19 14:42:27.53532,huawei_store,deleted,1,f,2026-01-21 22:00:48.53532,2026-01-25 02:16:11.333435,2026-01-25 02:16:11.333435
34,gaojie,nazhou@example.org,18531665876,2025-11-27 10:53:17.53532,ad_campaign,active,4,f,2026-01-04 04:51:08.53532,2026-01-25 02:16:11.333435,2026-01-25 02:16:11.333435
35,sxue,xuna@example.com,13454668893,2025-11-26 15:58:47.53532,wechat_mini,active,3,t,2025-12-19 00:38:07.53532,2026-01-25 02:16:11.333435,2026-01-25 02:16:11.333435
36,ychang,yong62@example.com,18929806990,2025-11-02 13:08:31.53532,wechat_mini,active,1,f,2025-11-23 03:28:12.53532,2026-01-25 02:16:11.333435,2026-01-25 02:16:11.333435
37,dgao,fanglei@example.com,15737556464,2025-11-22 11:45:32.53532,referral,active,1,f,2026-01-07 14:04:48.53532,2026-01-25 02:16:11.333435,2026-01-25 02:16:11.333435
38,mengjun,zengfang@example.org,15030923271,2025-12-11 07:51:41.53532,wechat_mini,active,2,f,2026-01-24 17:14:18.53532,2026-01-25 02:16:11.333435,2026-01-25 02:16:11.333435
39,qiangzhu,ming29@example.net,18612419049,2025-11-24 13:37:07.53532,web,suspended,2,f,2026-01-18 16:08:13.53532,2026-01-25 02:16:11.333435,2026-01-25 02:16:11.333435
40,tqin,gangyan@example.net,15331491905,2026-01-18 22:43:32.53532,huawei_store,active,2,f,2026-01-21 23:43:03.53532,2026-01-25 02:16:11.333435,2026-01-25 02:16:11.333435
41,gang85,shaotao@example.org,18257262849,2025-11-13 23:02:02.53532,huawei_store,active,2,f,2025-11-13 23:02:02.53532,2026-01-25 02:16:11.333435,2026-01-25 02:16:11.333435
42,btan,min31@example.com,18173799650,2025-12-27 05:23:31.53532,web,active,2,f,2025-12-27 05:23:31.53532,2026-01-25 02:16:11.333435,2026-01-25 02:16:11.333435
43,jing73,lei54@example.net,18548083136,2026-01-18 16:47:09.53532,app_store,active,1,f,2026-01-21 16:17:20.53532,2026-01-25 02:16:11.333435,2026-01-25 02:16:11.333435
44,tyuan,ysu@example.org,13643634957,2025-11-19 01:42:31.53532,organic,active,2,f,2025-12-21 07:05:53.53532,2026-01-25 02:16:11.333435,2026-01-25 02:16:11.333435
45,ping85,yan74@example.com,15131351823,2025-12-02 14:14:54.53532,huawei_store,active,2,f,2026-01-23 07:05:28.53532,2026-01-25 02:16:11.333435,2026-01-25 02:16:11.333435
46,uliang,guiying34@example.org,15824082400,2025-12-31 07:24:12.53532,referral,suspended,2,f,2026-01-21 11:04:40.53532,2026-01-25 02:16:11.333435,2026-01-25 02:16:11.333435
47,yangtian,caixiulan@example.com,18877520471,2025-11-10 00:24:16.53532,google_play,active,3,f,2025-12-02 23:53:14.53532,2026-01-25 02:16:11.333435,2026-01-25 02:16:11.333435
48,xuyang,gujie@example.net,15213186999,2026-01-12 15:27:27.53532,ad_campaign,active,1,f,2026-01-22 08:06:19.53532,2026-01-25 02:16:11.333435,2026-01-25 02:16:11.333435
49,csu,xiulan64@example.net,14509133412,2026-01-08 22:43:42.53532,ad_campaign,active,1,t,2026-01-20 00:08:51.53532,2026-01-25 02:16:11.333435,2026-01-25 02:16:11.333435
50,chaoren,mzhou@example.com,15203447134,2025-11-26 16:39:38.53532,app_store,deleted,1,f,2025-11-26 16:39:38.53532,2026-01-25 02:16:11.333435,2026-01-25 02:16:11.333435
51,pingfang,yanggu@example.com,15321024994,2026-01-01 06:09:24.53532,web,active,4,t,2026-01-02 15:01:00.53532,2026-01-25 02:16:11.333435,2026-01-25 02:16:11.333435
52,dfeng,yan64@example.net,13177190659,2026-01-06 18:53:43.53532,referral,active,3,t,2026-01-15 13:36:28.53532,2026-01-25 02:16:11.333435,2026-01-25 02:16:11.333435
53,jinyong,zhenglei@example.net,13527874296,2025-12-20 02:55:36.53532,organic,active,2,f,2025-12-20 02:55:36.53532,2026-01-25 02:16:11.333435,2026-01-25 02:16:11.333435
54,tangming,uma@example.net,13725674680,2025-10-31 08:22:44.53532,ad_campaign,active,1,f,2025-12-12 07:55:37.53532,2026-01-25 02:16:11.333435,2026-01-25 02:16:11.333435
55,lei51,awei@example.net,18087603859,2026-01-05 22:07:14.53532,google_play,active,1,t,2026-01-07 05:13:20.53532,2026-01-25 02:16:11.333435,2026-01-25 02:16:11.333435
56,huanglei,lisong@example.net,18810932480,2025-11-29 16:03:04.53532,huawei_store,active,1,f,2025-12-28 08:17:45.53532,2026-01-25 02:16:11.333435,2026-01-25 02:16:11.333435
57,tanguiying,taolin@example.net,18546773782,2025-12-11 18:40:10.53532,organic,active,3,f,2025-12-15 15:16:10.53532,2026-01-25 02:16:11.333435,2026-01-25 02:16:11.333435
58,gangliang,ymao@example.net,15104499727,2025-12-13 23:02:50.53532,google_play,active,4,f,2025-12-13 23:02:50.53532,2026-01-25 02:16:11.333435,2026-01-25 02:16:11.333435
59,min88,usun@example.org,18539636057,2025-12-03 17:36:17.53532,referral,deleted,3,f,2026-01-05 13:54:10.53532,2026-01-25 02:16:11.333435,2026-01-25 02:16:11.333435
60,yzhang,taochen@example.org,13095171870,2025-10-28 16:24:17.53532,app_store,active,2,f,2025-11-03 08:45:52.53532,2026-01-25 02:16:11.333435,2026-01-25 02:16:11.333435
61,jzeng,tanglei@example.com,14561586578,2025-11-09 19:14:20.53532,referral,inactive,1,t,2025-12-19 17:46:27.53532,2026-01-25 02:16:11.333435,2026-01-25 02:16:11.333435
62,kangyang,jun16@example.org,14517240050,2025-12-02 07:42:01.53532,referral,active,1,f,2025-12-07 01:06:59.53532,2026-01-25 02:16:11.333435,2026-01-25 02:16:11.333435
63,ming56,junwu@example.com,13222219693,2025-11-02 22:15:55.53532,app_store,active,2,f,2025-11-23 03:13:33.53532,2026-01-25 02:16:11.333435,2026-01-25 02:16:11.333435
64,qiangyu,qiang40@example.com,18148217594,2025-12-25 20:05:04.53532,organic,active,1,f,2026-01-06 01:29:18.53532,2026-01-25 02:16:11.333435,2026-01-25 02:16:11.333435
65,qzhou,mliu@example.com,18071369594,2025-12-04 04:51:06.53532,huawei_store,active,2,f,2025-12-04 04:51:06.53532,2026-01-25 02:16:11.333435,2026-01-25 02:16:11.333435
66,chao64,xiongyong@example.net,13597439533,2026-01-03 20:57:35.53532,huawei_store,suspended,4,f,2026-01-20 10:31:12.53532,2026-01-25 02:16:11.333435,2026-01-25 02:16:11.333435
67,yangduan,longqiang@example.org,13252145623,2025-10-29 14:21:51.53532,ad_campaign,active,4,f,2026-01-04 11:20:01.53532,2026-01-25 02:16:11.333435,2026-01-25 02:16:11.333435
68,wei84,leitao@example.com,18651712368,2025-12-27 21:50:09.53532,ad_campaign,active,1,f,2025-12-27 21:50:09.53532,2026-01-25 02:16:11.333435,2026-01-25 02:16:11.333435
69,qcai,sunming@example.net,18649651370,2026-01-16 19:12:36.53532,referral,active,1,f,2026-01-23 08:50:41.53532,2026-01-25 02:16:11.333435,2026-01-25 02:16:11.333435
70,xiuying31,tzhu@example.net,18212004711,2025-11-27 12:09:36.53532,referral,deleted,1,f,2025-12-22 01:08:56.53532,2026-01-25 02:16:11.333435,2026-01-25 02:16:11.333435
71,yong86,pingzeng@example.org,15379640537,2026-01-15 22:40:11.53532,google_play,active,1,f,2026-01-17 00:52:18.53532,2026-01-25 02:16:11.333435,2026-01-25 02:16:11.333435
72,guiying58,fang64@example.org,13771390053,2025-12-22 12:25:34.53532,google_play,inactive,3,f,2026-01-22 23:42:45.53532,2026-01-25 02:16:11.333435,2026-01-25 02:16:11.333435
73,gangxiao,xiulanjia@example.org,15729042284,2025-11-26 06:36:51.53532,huawei_store,active,2,f,2026-01-03 09:40:07.53532,2026-01-25 02:16:11.333435,2026-01-25 02:16:11.333435
74,fuchao,jun95@example.org,13940268117,2025-11-01 16:49:37.53532,ad_campaign,deleted,2,f,2026-01-13 02:53:23.53532,2026-01-25 02:16:11.333435,2026-01-25 02:16:11.333435
75,gpan,suwei@example.org,14508470076,2026-01-02 16:05:42.53532,wechat_mini,active,2,f,2026-01-06 00:24:44.53532,2026-01-25 02:16:11.333435,2026-01-25 02:16:11.333435
76,tianyan,fding@example.com,14521249985,2026-01-19 18:28:43.53532,ad_campaign,active,1,f,2026-01-19 18:28:43.53532,2026-01-25 02:16:11.333435,2026-01-25 02:16:11.333435
77,qiang89,yduan@example.net,13783673657,2025-11-04 14:48:18.53532,huawei_store,active,2,f,2026-01-20 17:38:26.53532,2026-01-25 02:16:11.333435,2026-01-25 02:16:11.333435
78,luping,yong45@example.org,15671111615,2025-11-12 09:18:23.53532,organic,active,2,t,2025-12-04 02:57:50.53532,2026-01-25 02:16:11.333435,2026-01-25 02:16:11.333435
79,yong16,yong60@example.com,14545198327,2025-10-30 10:38:59.53532,referral,active,2,t,2026-01-08 13:33:56.53532,2026-01-25 02:16:11.333435,2026-01-25 02:16:11.333435
80,mengxia,guiying49@example.org,13368998094,2025-12-12 12:17:37.53532,ad_campaign,inactive,2,f,2025-12-27 15:10:35.53532,2026-01-25 02:16:11.333435,2026-01-25 02:16:11.333435
81,yan45,chao22@example.net,15661201836,2026-01-09 23:02:43.53532,ad_campaign,inactive,2,f,2026-01-10 22:22:46.53532,2026-01-25 02:16:11.333435,2026-01-25 02:16:11.333435
82,xiulan91,gujing@example.net,13514767976,2026-01-14 03:03:11.53532,huawei_store,suspended,2,f,2026-01-14 03:03:11.53532,2026-01-25 02:16:11.333435,2026-01-25 02:16:11.333435
83,mengping,liaoyong@example.net,13278403690,2025-11-16 09:07:13.53532,referral,deleted,1,f,2025-12-23 11:17:18.53532,2026-01-25 02:16:11.333435,2026-01-25 02:16:11.333435
84,juan24,min10@example.com,18662268388,2025-11-15 17:03:20.53532,app_store,active,3,f,2025-11-15 17:03:20.53532,2026-01-25 02:16:11.333435,2026-01-25 02:16:11.333435
85,gang60,dcao@example.org,18059696641,2025-10-31 13:36:30.53532,ad_campaign,active,1,f,2025-11-26 06:55:12.53532,2026-01-25 02:16:11.333435,2026-01-25 02:16:11.333435
86,jing97,gang61@example.org,18296816453,2025-12-25 13:46:26.53532,google_play,active,1,f,2025-12-29 12:37:40.53532,2026-01-25 02:16:11.333435,2026-01-25 02:16:11.333435
87,gangwei,wuwei@example.org,18155231243,2026-01-05 23:21:32.53532,app_store,active,3,f,2026-01-06 05:22:09.53532,2026-01-25 02:16:11.333435,2026-01-25 02:16:11.333435
88,yangding,yangwan@example.com,14599799552,2025-12-19 00:40:17.53532,wechat_mini,suspended,2,f,2026-01-19 09:05:54.53532,2026-01-25 02:16:11.333435,2026-01-25 02:16:11.333435
89,osong,lei90@example.com,13014770054,2025-12-16 08:12:42.53532,ad_campaign,active,2,f,2026-01-23 09:20:00.53532,2026-01-25 02:16:11.333435,2026-01-25 02:16:11.333435
90,yexiuying,ltan@example.net,13307935978,2025-12-23 02:16:58.53532,organic,active,1,f,2026-01-12 11:22:04.53532,2026-01-25 02:16:11.333435,2026-01-25 02:16:11.333435
91,suguiying,yan18@example.net,13903778892,2025-11-28 04:49:16.53532,app_store,active,1,f,2026-01-08 02:26:59.53532,2026-01-25 02:16:11.333435,2026-01-25 02:16:11.333435
92,xren,yong90@example.net,15551518644,2026-01-02 07:52:34.53532,organic,active,3,f,2026-01-02 07:52:34.53532,2026-01-25 02:16:11.333435,2026-01-25 02:16:11.333435
93,mindong,minglong@example.net,18562914865,2026-01-19 08:55:03.53532,organic,active,1,f,2026-01-20 10:31:46.53532,2026-01-25 02:16:11.333435,2026-01-25 02:16:11.333435
94,yuanyong,xwei@example.org,15842357332,2025-11-28 15:20:28.53532,ad_campaign,active,2,f,2025-11-28 15:20:28.53532,2026-01-25 02:16:11.333435,2026-01-25 02:16:11.333435
95,wangxia,zhangmin@example.net,13896222927,2025-12-09 19:04:50.53532,wechat_mini,active,1,f,2025-12-25 21:20:59.53532,2026-01-25 02:16:11.333435,2026-01-25 02:16:11.333435
96,qiangye,qiang38@example.org,15273597746,2025-12-09 00:13:02.53532,huawei_store,active,4,f,2026-01-22 12:40:22.53532,2026-01-25 02:16:11.333435,2026-01-25 02:16:11.333435
97,juanyao,leicui@example.net,18858181412,2025-11-26 10:39:26.53532,organic,active,2,f,2025-12-06 11:49:56.53532,2026-01-25 02:16:11.333435,2026-01-25 02:16:11.333435
98,pingdu,qiangmeng@example.org,18206853615,2026-01-06 16:35:57.53532,ad_campaign,deleted,2,f,2026-01-12 12:18:26.53532,2026-01-25 02:16:11.333435,2026-01-25 02:16:11.333435
99,guiying52,fangliao@example.com,18527790104,2026-01-04 15:02:18.53532,web,active,2,f,2026-01-10 09:51:17.53532,2026-01-25 02:16:11.333435,2026-01-25 02:16:11.333435
100,xiayao,xfang@example.com,15041036971,2025-12-19 08:06:32.53532,huawei_store,active,1,f,2025-12-22 21:57:05.53532,2026-01-25 02:16:11.333435,2026-01-25 02:16:11.333435
101,iyang,yinwei@example.net,15024609539,2026-01-09 21:37:58.53532,app_store,active,2,f,2026-01-20 19:01:36.53532,2026-01-25 02:16:11.333435,2026-01-25 02:16:11.333435
102,wuming,wuxia@example.net,13388067065,2025-12-31 21:38:35.53532,google_play,inactive,1,f,2026-01-19 10:44:10.53532,2026-01-25 02:16:11.333435,2026-01-25 02:16:11.333435
103,mogang,jun19@example.net,14552058527,2026-01-10 12:32:55.53532,referral,deleted,1,f,2026-01-20 13:25:14.53532,2026-01-25 02:16:11.333435,2026-01-25 02:16:11.333435
104,lyin,gangsun@example.org,15230305486,2025-12-10 06:38:01.53532,ad_campaign,active,2,f,2025-12-20 18:46:51.53532,2026-01-25 02:16:11.333435,2026-01-25 02:16:11.333435
105,fang34,fang54@example.org,13356676527,2025-12-11 10:17:42.53532,web,active,2,f,2026-01-06 19:25:23.53532,2026-01-25 02:16:11.333435,2026-01-25 02:16:11.333435
106,wei41,bdong@example.net,15328451154,2025-11-07 18:41:25.53532,web,inactive,1,f,2025-11-28 00:56:40.53532,2026-01-25 02:16:11.333435,2026-01-25 02:16:11.333435
107,qiang96,yansong@example.com,18705964016,2025-12-24 12:40:29.53532,organic,deleted,2,f,2025-12-31 20:44:34.53532,2026-01-25 02:16:11.333435,2026-01-25 02:16:11.333435
108,chaogong,ichen@example.org,15055690927,2025-12-13 04:03:44.53532,web,active,2,t,2025-12-31 19:50:14.53532,2026-01-25 02:16:11.333435,2026-01-25 02:16:11.333435
109,qiang19,weipan@example.com,15743102786,2025-10-27 07:17:25.53532,huawei_store,active,2,f,2026-01-01 00:52:48.53532,2026-01-25 02:16:11.333435,2026-01-25 02:16:11.333435
110,yan73,yan73@example.org,13817271551,2025-12-19 12:25:36.53532,referral,inactive,2,f,2026-01-02 13:17:31.53532,2026-01-25 02:16:11.333435,2026-01-25 02:16:11.333435
111,li22,wei31@example.org,13323705895,2025-10-28 04:57:49.53532,web,active,2,f,2025-11-24 17:25:33.53532,2026-01-25 02:16:11.333435,2026-01-25 02:16:11.333435
112,xiuyingdu,longna@example.net,18678669125,2025-11-19 03:16:45.53532,wechat_mini,active,2,f,2026-01-17 00:18:14.53532,2026-01-25 02:16:11.333435,2026-01-25 02:16:11.333435
113,rtan,jie89@example.org,14526801824,2026-01-13 07:46:41.53532,huawei_store,active,2,t,2026-01-17 10:24:54.53532,2026-01-25 02:16:11.333435,2026-01-25 02:16:11.333435
114,yan35,gang43@example.net,13142498182,2026-01-17 23:18:32.53532,organic,inactive,1,f,2026-01-20 04:46:18.53532,2026-01-25 02:16:11.333435,2026-01-25 02:16:11.333435
115,yongyi,xiulan00@example.org,13594396907,2025-12-16 06:13:15.53532,huawei_store,active,3,f,2025-12-16 06:13:15.53532,2026-01-25 02:16:11.333435,2026-01-25 02:16:11.333435
116,yang47,yongqiu@example.com,18710276773,2026-01-11 04:05:14.53532,organic,active,1,f,2026-01-20 23:38:36.53532,2026-01-25 02:16:11.333435,2026-01-25 02:16:11.333435
117,minlu,na25@example.net,13115371473,2025-12-26 19:21:46.53532,web,active,2,f,2026-01-18 00:57:14.53532,2026-01-25 02:16:11.333435,2026-01-25 02:16:11.333435
118,linna,kkong@example.com,18995327877,2025-12-29 19:35:45.53532,google_play,active,1,f,2026-01-06 22:13:33.53532,2026-01-25 02:16:11.333435,2026-01-25 02:16:11.333435
119,fcao,dwang@example.org,14795004797,2025-11-10 13:41:04.53532,app_store,active,2,f,2026-01-14 05:07:12.53532,2026-01-25 02:16:11.333435,2026-01-25 02:16:11.333435
120,fanping,leipan@example.com,15806098358,2025-11-05 13:38:00.53532,google_play,active,2,f,2025-12-18 04:12:15.53532,2026-01-25 02:16:11.333435,2026-01-25 02:16:11.333435
121,cwang,xiuying91@example.org,13765585239,2025-12-24 17:48:10.53532,organic,active,2,f,2026-01-22 12:14:12.53532,2026-01-25 02:16:11.333435,2026-01-25 02:16:11.333435
122,chengfang,yanma@example.com,13072982595,2026-01-12 19:12:05.53532,web,active,3,f,2026-01-16 11:37:56.53532,2026-01-25 02:16:11.333435,2026-01-25 02:16:11.333435
123,xiulan58,kzou@example.com,18805516940,2026-01-18 03:41:12.53532,ad_campaign,active,2,f,2026-01-18 03:41:12.53532,2026-01-25 02:16:11.333435,2026-01-25 02:16:11.333435
124,yang99,fangxue@example.com,13989623091,2025-12-12 15:32:24.53532,web,inactive,3,f,2025-12-18 07:21:08.53532,2026-01-25 02:16:11.333435,2026-01-25 02:16:11.333435
125,chaosong,ping26@example.net,14768970283,2025-11-21 12:57:56.53532,app_store,active,3,f,2025-12-30 17:34:17.53532,2026-01-25 02:16:11.333435,2026-01-25 02:16:11.333435
126,ywu,jing78@example.com,13154973348,2026-01-09 06:33:03.53532,huawei_store,inactive,2,f,2026-01-09 06:33:03.53532,2026-01-25 02:16:11.333435,2026-01-25 02:16:11.333435
127,li37,tao58@example.net,15141986652,2025-12-25 18:27:50.53532,app_store,active,1,f,2026-01-17 13:26:05.53532,2026-01-25 02:16:11.333435,2026-01-25 02:16:11.333435
128,fang41,qiang47@example.org,14784842199,2025-12-05 13:40:08.53532,web,active,1,f,2026-01-21 20:42:12.53532,2026-01-25 02:16:11.333435,2026-01-25 02:16:11.333435
129,zhaowei,yangjin@example.org,13765712082,2025-11-07 15:19:42.53532,google_play,active,2,f,2026-01-06 16:18:52.53532,2026-01-25 02:16:11.333435,2026-01-25 02:16:11.333435
130,ptao,liluo@example.com,15501938026,2025-12-15 23:52:09.53532,wechat_mini,active,1,f,2025-12-26 11:29:59.53532,2026-01-25 02:16:11.333435,2026-01-25 02:16:11.333435
131,qintao,lichen@example.org,15299154788,2026-01-02 20:08:47.53532,web,active,1,f,2026-01-13 12:17:44.53532,2026-01-25 02:16:11.333435,2026-01-25 02:16:11.333435
132,ggao,mli@example.org,15727420549,2026-01-01 04:24:38.53532,referral,inactive,2,f,2026-01-01 04:24:38.53532,2026-01-25 02:16:11.333435,2026-01-25 02:16:11.333435
133,jingye,gshen@example.com,13661227530,2025-10-29 08:38:17.53532,referral,active,3,f,2026-01-19 04:08:33.53532,2026-01-25 02:16:11.333435,2026-01-25 02:16:11.333435
134,qiangli,li99@example.org,15153017426,2025-11-04 10:54:49.53532,app_store,active,1,t,2025-11-04 10:54:49.53532,2026-01-25 02:16:11.333435,2026-01-25 02:16:11.333435
135,yan14,xiuying33@example.org,18827956878,2025-11-30 03:17:48.53532,organic,active,3,f,2026-01-10 13:06:57.53532,2026-01-25 02:16:11.333435,2026-01-25 02:16:11.333435
136,yongyang,wuqiang@example.net,18551910883,2026-01-05 04:51:41.53532,web,inactive,2,t,2026-01-13 14:30:22.53532,2026-01-25 02:16:11.333435,2026-01-25 02:16:11.333435
137,wei71,yanxue@example.com,13687072867,2026-01-04 05:31:40.53532,web,active,1,t,2026-01-05 18:50:24.53532,2026-01-25 02:16:11.333435,2026-01-25 02:16:11.333435
138,zzheng,chao64@example.org,18639106518,2025-11-02 21:55:19.53532,organic,active,3,f,2026-01-18 15:28:00.53532,2026-01-25 02:16:11.333435,2026-01-25 02:16:11.333435
139,tangfang,ping22@example.net,18665676618,2025-11-04 19:31:08.53532,app_store,active,1,f,2026-01-24 20:11:08.53532,2026-01-25 02:16:11.333435,2026-01-25 02:16:11.333435
140,haoxia,iwu@example.net,15000478686,2026-01-10 20:21:54.53532,web,active,4,t,2026-01-10 20:21:54.53532,2026-01-25 02:16:11.333435,2026-01-25 02:16:11.333435
141,jie43,chenyong@example.com,14503311907,2025-12-19 02:30:47.53532,ad_campaign,active,2,f,2026-01-15 16:13:29.53532,2026-01-25 02:16:11.333435,2026-01-25 02:16:11.333435
142,qiuqiang,xiajia@example.org,13884395995,2025-11-10 18:24:50.53532,google_play,active,2,f,2025-11-10 18:24:50.53532,2026-01-25 02:16:11.333435,2026-01-25 02:16:11.333435
143,pingliu,fang89@example.net,18926870568,2025-11-29 19:47:38.53532,google_play,active,1,f,2025-12-24 16:15:30.53532,2026-01-25 02:16:11.333435,2026-01-25 02:16:11.333435
144,jren,na28@example.com,15034270866,2025-10-29 05:31:20.53532,wechat_mini,active,1,f,2025-10-29 05:31:20.53532,2026-01-25 02:16:11.333435,2026-01-25 02:16:11.333435
145,nakong,juan51@example.com,18051830469,2025-11-07 00:45:34.53532,app_store,suspended,3,f,2026-01-09 11:58:44.53532,2026-01-25 02:16:11.333435,2026-01-25 02:16:11.333435
146,houxiulan,taohuang@example.com,15203317393,2026-01-02 18:45:59.53532,huawei_store,active,1,f,2026-01-08 02:34:16.53532,2026-01-25 02:16:11.333435,2026-01-25 02:16:11.333435
147,xialuo,na78@example.net,15844587717,2025-11-30 10:34:46.53532,wechat_mini,deleted,2,f,2025-11-30 10:34:46.53532,2026-01-25 02:16:11.333435,2026-01-25 02:16:11.333435
148,ping09,jiecao@example.com,13199642353,2025-12-22 22:06:52.53532,referral,inactive,2,f,2025-12-24 20:29:05.53532,2026-01-25 02:16:11.333435,2026-01-25 02:16:11.333435
149,taoxiao,lei77@example.com,13952287280,2025-12-25 11:42:18.53532,referral,active,2,f,2025-12-25 11:42:18.53532,2026-01-25 02:16:11.333435,2026-01-25 02:16:11.333435
150,zhaofang,renjie@example.net,15012038750,2025-12-13 12:10:55.53532,organic,active,4,t,2025-12-28 18:59:05.53532,2026-01-25 02:16:11.333435,2026-01-25 02:16:11.333435
151,fzhang,baixia@example.net,18200848408,2025-11-06 21:24:44.53532,google_play,active,4,f,2025-11-30 11:06:46.53532,2026-01-25 02:16:11.333435,2026-01-25 02:16:11.333435
152,ghao,wujie@example.org,14798454615,2025-11-08 06:52:49.53532,huawei_store,active,1,f,2025-12-21 18:49:15.53532,2026-01-25 02:16:11.333435,2026-01-25 02:16:11.333435
153,pxiong,lizhong@example.org,15501666870,2026-01-10 12:19:15.53532,huawei_store,active,1,f,2026-01-22 22:35:46.53532,2026-01-25 02:16:11.333435,2026-01-25 02:16:11.333435
154,gangwan,yyuan@example.com,13218033974,2025-11-27 13:46:55.53532,web,inactive,1,f,2025-11-27 13:46:55.53532,2026-01-25 02:16:11.333435,2026-01-25 02:16:11.333435
155,dingyong,xia90@example.org,18950392614,2025-12-29 01:32:44.53532,referral,active,3,f,2025-12-29 01:32:44.53532,2026-01-25 02:16:11.333435,2026-01-25 02:16:11.333435
156,xiulanqiao,na21@example.net,18650163159,2026-01-19 15:45:08.53532,organic,active,2,f,2026-01-24 10:53:29.53532,2026-01-25 02:16:11.333435,2026-01-25 02:16:11.333435
157,bluo,qiang73@example.com,13166296194,2026-01-10 20:44:16.53532,referral,active,3,f,2026-01-10 20:44:16.53532,2026-01-25 02:16:11.333435,2026-01-25 02:16:11.333435
158,donglei,nayu@example.org,18665511047,2025-11-26 17:24:02.53532,wechat_mini,active,2,f,2026-01-13 11:11:27.53532,2026-01-25 02:16:11.333435,2026-01-25 02:16:11.333435
159,guiying21,pingsu@example.net,13186101581,2026-01-09 19:50:37.53532,organic,active,2,f,2026-01-18 08:17:19.53532,2026-01-25 02:16:11.333435,2026-01-25 02:16:11.333435
160,na04,xqiao@example.org,18683982622,2025-11-28 18:19:23.53532,huawei_store,active,4,f,2025-12-12 00:25:53.53532,2026-01-25 02:16:11.333435,2026-01-25 02:16:11.333435
161,li47,ganghan@example.com,15164715437,2026-01-13 12:51:08.53532,organic,active,1,f,2026-01-21 08:51:51.53532,2026-01-25 02:16:11.333435,2026-01-25 02:16:11.333435
162,qiangfan,libai@example.com,15796575692,2025-11-12 02:35:41.53532,wechat_mini,active,1,f,2025-12-29 21:04:54.53532,2026-01-25 02:16:11.333435,2026-01-25 02:16:11.333435
163,taolu,nalu@example.com,18679356465,2025-10-27 07:36:13.53532,organic,active,2,f,2025-12-26 07:54:41.53532,2026-01-25 02:16:11.333435,2026-01-25 02:16:11.333435
164,xiulanxiang,yongxiao@example.org,18673741672,2025-11-02 23:58:59.53532,google_play,active,1,t,2025-11-02 23:58:59.53532,2026-01-25 02:16:11.333435,2026-01-25 02:16:11.333435
165,leizhang,yanshen@example.com,13679796886,2025-12-30 06:08:44.53532,google_play,active,4,f,2026-01-11 03:15:47.53532,2026-01-25 02:16:11.333435,2026-01-25 02:16:11.333435
166,yan89,fanjun@example.net,15652909656,2025-12-09 13:00:27.53532,organic,active,1,f,2026-01-10 06:58:41.53532,2026-01-25 02:16:11.333435,2026-01-25 02:16:11.333435
167,weiwen,qiangpeng@example.com,18798250714,2025-11-29 06:45:22.53532,web,active,2,f,2025-11-29 06:45:22.53532,2026-01-25 02:16:11.333435,2026-01-25 02:16:11.333435
168,hdong,minglong@example.com,18738757177,2026-01-13 02:10:35.53532,huawei_store,active,1,f,2026-01-13 02:10:35.53532,2026-01-25 02:16:11.333435,2026-01-25 02:16:11.333435
169,fang10,yang12@example.net,15082825867,2025-10-30 03:46:31.53532,ad_campaign,active,1,f,2025-10-31 18:10:54.53532,2026-01-25 02:16:11.333435,2026-01-25 02:16:11.333435
170,lyin,yangzhang@example.com,15909379660,2026-01-20 02:52:19.53532,web,active,3,t,2026-01-24 08:51:50.53532,2026-01-25 02:16:11.333435,2026-01-25 02:16:11.333435
171,leizou,xuguiying@example.net,13955371478,2025-12-12 15:51:26.53532,huawei_store,active,1,f,2026-01-08 14:13:20.53532,2026-01-25 02:16:11.333435,2026-01-25 02:16:11.333435
172,xiuying69,hyan@example.com,15879249912,2025-12-26 14:06:17.53532,organic,active,3,f,2026-01-23 03:50:12.53532,2026-01-25 02:16:11.333435,2026-01-25 02:16:11.333435
173,heming,weiqiao@example.com,14529662782,2025-11-13 13:23:48.53532,organic,active,3,f,2025-12-06 22:07:10.53532,2026-01-25 02:16:11.333435,2026-01-25 02:16:11.333435
174,qiang90,chao72@example.org,15368876767,2026-01-15 06:34:29.53532,referral,inactive,1,f,2026-01-19 03:31:44.53532,2026-01-25 02:16:11.333435,2026-01-25 02:16:11.333435
175,xiongchao,lichen@example.com,15084279788,2025-10-29 02:49:44.53532,wechat_mini,inactive,2,f,2025-10-29 02:49:44.53532,2026-01-25 02:16:11.333435,2026-01-25 02:16:11.333435
176,lixia,xia07@example.net,14761340745,2026-01-19 18:17:21.53532,huawei_store,active,1,f,2026-01-24 14:39:40.53532,2026-01-25 02:16:11.333435,2026-01-25 02:16:11.333435
177,songguiying,juanyan@example.net,15896292330,2026-01-04 09:16:16.53532,wechat_mini,active,1,f,2026-01-11 16:34:47.53532,2026-01-25 02:16:11.333435,2026-01-25 02:16:11.333435
178,xiuying82,yan44@example.net,15181260422,2026-01-01 09:45:42.53532,web,suspended,2,t,2026-01-17 21:52:13.53532,2026-01-25 02:16:11.333435,2026-01-25 02:16:11.333435
179,yongqin,kgong@example.net,15166711684,2025-11-07 11:41:26.53532,google_play,active,1,f,2025-12-09 17:45:51.53532,2026-01-25 02:16:11.333435,2026-01-25 02:16:11.333435
180,qiang75,duqiang@example.net,15651863637,2025-12-25 21:37:25.53532,web,inactive,3,f,2026-01-15 09:35:32.53532,2026-01-25 02:16:11.333435,2026-01-25 02:16:11.333435
181,min89,xiulantian@example.com,18100170127,2025-11-06 19:39:42.53532,referral,active,2,f,2025-12-18 10:04:54.53532,2026-01-25 02:16:11.333435,2026-01-25 02:16:11.333435
182,shu,yangliu@example.org,18041541520,2025-12-10 19:46:22.53532,ad_campaign,inactive,1,f,2025-12-15 05:42:47.53532,2026-01-25 02:16:11.333435,2026-01-25 02:16:11.333435
183,yan36,zouguiying@example.org,14771293870,2026-01-11 09:18:50.53532,wechat_mini,active,4,f,2026-01-12 22:19:35.53532,2026-01-25 02:16:11.333435,2026-01-25 02:16:11.333435
184,shenyan,taoding@example.org,15911155426,2025-12-27 11:12:42.53532,referral,active,2,f,2026-01-13 06:05:34.53532,2026-01-25 02:16:11.333435,2026-01-25 02:16:11.333435
185,gangwu,yeyang@example.org,18753269731,2025-11-02 20:31:19.53532,wechat_mini,active,2,f,2026-01-15 20:50:18.53532,2026-01-25 02:16:11.333435,2026-01-25 02:16:11.333435
186,guiyingyan,bmeng@example.com,13323413899,2026-01-12 12:07:42.53532,ad_campaign,suspended,1,f,2026-01-16 21:01:37.53532,2026-01-25 02:16:11.333435,2026-01-25 02:16:11.333435
187,yan04,weiyao@example.net,14764037613,2025-12-01 20:55:43.53532,app_store,active,1,t,2025-12-19 21:46:54.53532,2026-01-25 02:16:11.333435,2026-01-25 02:16:11.333435
188,panmin,naxiong@example.com,15882710910,2025-12-28 17:43:45.53532,google_play,active,2,t,2026-01-07 01:17:26.53532,2026-01-25 02:16:11.333435,2026-01-25 02:16:11.333435
189,daina,yang86@example.com,18561889241,2025-12-29 12:03:44.53532,organic,active,4,f,2026-01-16 06:48:29.53532,2026-01-25 02:16:11.333435,2026-01-25 02:16:11.333435
190,jiexia,na91@example.com,18563031617,2025-11-03 10:24:09.53532,ad_campaign,active,2,f,2025-12-17 02:04:01.53532,2026-01-25 02:16:11.333435,2026-01-25 02:16:11.333435
191,longyong,guiyingcai@example.net,13802758842,2025-12-16 02:32:40.53532,ad_campaign,active,3,f,2026-01-06 09:14:50.53532,2026-01-25 02:16:11.333435,2026-01-25 02:16:11.333435
192,jie41,maping@example.com,13014917785,2025-12-11 07:29:16.53532,organic,active,1,f,2025-12-11 07:29:16.53532,2026-01-25 02:16:11.333435,2026-01-25 02:16:11.333435
193,mingguo,guiying91@example.org,18680003075,2025-12-12 01:36:27.53532,ad_campaign,active,1,f,2026-01-19 00:06:32.53532,2026-01-25 02:16:11.333435,2026-01-25 02:16:11.333435
194,jingchen,ujiang@example.org,18254195180,2025-11-28 05:42:56.53532,web,active,1,f,2025-12-08 14:46:57.53532,2026-01-25 02:16:11.333435,2026-01-25 02:16:11.333435
195,ddeng,li51@example.net,18705349493,2025-11-12 01:21:35.53532,huawei_store,active,4,f,2025-11-23 20:50:20.53532,2026-01-25 02:16:11.333435,2026-01-25 02:16:11.333435
196,uhu,jiebai@example.com,13438505064,2025-12-16 11:09:46.53532,huawei_store,active,1,f,2025-12-22 13:57:28.53532,2026-01-25 02:16:11.333435,2026-01-25 02:16:11.333435
197,pingtian,gongyan@example.com,13603865719,2025-12-23 18:14:16.53532,huawei_store,active,2,t,2026-01-23 13:56:49.53532,2026-01-25 02:16:11.333435,2026-01-25 02:16:11.333435
198,yangqin,yanxiulan@example.org,18223445655,2025-12-02 03:24:53.53532,huawei_store,inactive,4,f,2025-12-16 09:20:06.53532,2026-01-25 02:16:11.333435,2026-01-25 02:16:11.333435
199,ganghu,xiulanfan@example.org,13727756185,2025-12-31 13:16:17.53532,huawei_store,active,1,f,2026-01-03 18:01:07.53532,2026-01-25 02:16:11.333435,2026-01-25 02:16:11.333435
200,qianglong,hlei@example.org,13949035213,2025-12-08 06:37:19.53532,ad_campaign,active,2,f,2025-12-19 09:43:11.53532,2026-01-25 02:16:11.333435,2026-01-25 02:16:11.333435
201,na80,lei20@example.com,18078831712,2025-11-07 10:17:01.53532,huawei_store,active,5,f,2025-12-27 23:37:50.53532,2026-01-25 02:16:11.333435,2026-01-25 02:16:11.333435
202,jiangjie,napeng@example.net,15519941013,2026-01-13 04:26:40.53532,app_store,active,3,f,2026-01-13 04:26:40.53532,2026-01-25 02:16:11.333435,2026-01-25 02:16:11.333435
203,ffu,guiying07@example.org,13996670662,2025-11-01 01:02:48.53532,app_store,suspended,3,f,2025-12-15 10:44:52.53532,2026-01-25 02:16:11.333435,2026-01-25 02:16:11.333435
204,lei72,yexiuying@example.net,15047687014,2025-12-27 00:06:24.53532,google_play,active,1,f,2025-12-27 10:56:39.53532,2026-01-25 02:16:11.333435,2026-01-25 02:16:11.333435
205,yangxiang,qianyan@example.com,18887598564,2025-10-31 15:23:06.53532,referral,active,1,f,2025-12-29 16:36:06.53532,2026-01-25 02:16:11.333435,2026-01-25 02:16:11.333435
206,xiuying30,fang78@example.com,14593213348,2026-01-19 11:45:44.53532,google_play,active,1,f,2026-01-22 15:48:01.53532,2026-01-25 02:16:11.333435,2026-01-25 02:16:11.333435
207,jiangxiulan,lmo@example.org,15095590599,2025-12-18 19:15:54.53532,huawei_store,deleted,1,t,2026-01-21 19:55:28.53532,2026-01-25 02:16:11.333435,2026-01-25 02:16:11.333435
208,txiang,taochen@example.org,13539308705,2025-12-07 08:21:18.53532,app_store,active,3,f,2026-01-20 07:59:26.53532,2026-01-25 02:16:11.333435,2026-01-25 02:16:11.333435
209,minhao,fang02@example.net,18521851569,2025-11-20 15:30:27.53532,organic,active,2,f,2025-12-25 13:57:22.53532,2026-01-25 02:16:11.333435,2026-01-25 02:16:11.333435
210,jingshi,uzeng@example.org,18589539264,2026-01-17 06:50:39.53532,google_play,inactive,3,f,2026-01-20 22:41:12.53532,2026-01-25 02:16:11.333435,2026-01-25 02:16:11.333435
211,jie20,cxiong@example.org,14559391725,2025-11-17 14:34:47.53532,wechat_mini,active,1,f,2026-01-14 02:51:58.53532,2026-01-25 02:16:11.333435,2026-01-25 02:16:11.333435
212,jing15,qcai@example.org,15015410067,2026-01-12 12:35:18.53532,organic,active,3,f,2026-01-24 20:36:54.53532,2026-01-25 02:16:11.333435,2026-01-25 02:16:11.333435
213,ywan,xia61@example.com,13393271040,2025-12-31 22:57:15.53532,ad_campaign,active,2,f,2025-12-31 22:57:15.53532,2026-01-25 02:16:11.333435,2026-01-25 02:16:11.333435
214,dingmin,naguo@example.net,13681599706,2025-11-17 18:59:39.53532,wechat_mini,suspended,1,f,2026-01-01 21:42:35.53532,2026-01-25 02:16:11.333435,2026-01-25 02:16:11.333435
215,xiuyingshi,fangduan@example.com,14736884443,2025-11-07 14:45:53.53532,web,active,2,t,2025-11-14 11:06:17.53532,2026-01-25 02:16:11.333435,2026-01-25 02:16:11.333435
216,dgu,chao61@example.com,15397310324,2025-11-11 21:57:08.53532,wechat_mini,active,2,f,2026-01-14 21:32:19.53532,2026-01-25 02:16:11.333435,2026-01-25 02:16:11.333435
217,tfang,ftang@example.net,15118625652,2025-12-16 01:57:39.53532,google_play,active,1,t,2026-01-18 03:23:12.53532,2026-01-25 02:16:11.333435,2026-01-25 02:16:11.333435
218,qiang74,leixiong@example.org,13811586938,2025-12-11 20:18:05.53532,huawei_store,inactive,4,f,2026-01-21 17:49:20.53532,2026-01-25 02:16:11.333435,2026-01-25 02:16:11.333435
219,awen,pxu@example.com,15216089899,2025-12-22 11:17:50.53532,wechat_mini,active,5,f,2026-01-07 09:10:06.53532,2026-01-25 02:16:11.333435,2026-01-25 02:16:11.333435
220,khao,juanfu@example.org,18216329451,2025-11-13 15:21:33.53532,app_store,active,3,f,2025-11-25 16:06:16.53532,2026-01-25 02:16:11.333435,2026-01-25 02:16:11.333435
221,uxiao,wei70@example.net,14598616229,2025-11-09 02:21:54.53532,huawei_store,active,2,f,2025-12-02 15:12:07.53532,2026-01-25 02:16:11.333435,2026-01-25 02:16:11.333435
222,fanxiulan,liaoxia@example.com,18164679970,2025-12-17 23:53:29.53532,web,active,4,f,2026-01-03 06:11:34.53532,2026-01-25 02:16:11.333435,2026-01-25 02:16:11.333435
223,zchen,yan30@example.net,18845054447,2025-11-16 05:47:51.53532,wechat_mini,deleted,1,f,2025-12-02 02:47:26.53532,2026-01-25 02:16:11.333435,2026-01-25 02:16:11.333435
224,jieliu,rluo@example.net,18291373678,2026-01-24 17:49:48.53532,google_play,active,1,f,2026-01-24 21:50:54.53532,2026-01-25 02:16:11.333435,2026-01-25 02:16:11.333435
225,weijing,longyan@example.net,15928902330,2025-12-13 12:55:57.53532,organic,active,3,f,2026-01-09 07:51:36.53532,2026-01-25 02:16:11.333435,2026-01-25 02:16:11.333435
226,xcui,leipeng@example.com,13061035797,2026-01-24 17:06:58.53532,wechat_mini,active,2,f,2026-01-24 17:54:47.53532,2026-01-25 02:16:11.333435,2026-01-25 02:16:11.333435
227,jyan,ming24@example.net,15314060293,2026-01-09 17:27:37.53532,referral,active,1,t,2026-01-09 17:27:37.53532,2026-01-25 02:16:11.333435,2026-01-25 02:16:11.333435
228,yonghuang,yang68@example.org,18007229034,2025-12-19 21:11:14.53532,huawei_store,active,4,f,2026-01-16 17:37:19.53532,2026-01-25 02:16:11.333435,2026-01-25 02:16:11.333435
229,ping65,nlai@example.com,15289691085,2026-01-11 02:46:30.53532,huawei_store,active,2,f,2026-01-22 05:38:09.53532,2026-01-25 02:16:11.333435,2026-01-25 02:16:11.333435
230,li17,maolei@example.net,15744432830,2025-11-03 02:56:53.53532,web,active,3,f,2026-01-21 23:26:19.53532,2026-01-25 02:16:11.333435,2026-01-25 02:16:11.333435
231,uzhang,chaozeng@example.com,15246660993,2025-12-16 19:45:05.53532,wechat_mini,active,2,f,2025-12-27 13:53:17.53532,2026-01-25 02:16:11.333435,2026-01-25 02:16:11.333435
232,yongxia,wzhao@example.net,15228241724,2025-12-27 09:11:27.53532,referral,active,2,f,2026-01-20 17:37:31.53532,2026-01-25 02:16:11.333435,2026-01-25 02:16:11.333435
233,yang13,jun46@example.com,15849471709,2026-01-02 02:39:20.53532,app_store,deleted,3,f,2026-01-04 01:06:20.53532,2026-01-25 02:16:11.333435,2026-01-25 02:16:11.333435
234,tangjuan,zhongna@example.net,15260223569,2025-11-18 21:20:43.53532,wechat_mini,inactive,2,f,2025-11-27 04:49:10.53532,2026-01-25 02:16:11.333435,2026-01-25 02:16:11.333435
235,ugong,gangtian@example.com,15525007432,2025-12-26 07:36:18.53532,google_play,active,2,f,2025-12-26 07:36:18.53532,2026-01-25 02:16:11.333435,2026-01-25 02:16:11.333435
236,taodu,xiuyingshi@example.net,18266760083,2025-10-30 08:00:03.53532,organic,active,1,f,2025-11-27 20:56:48.53532,2026-01-25 02:16:11.333435,2026-01-25 02:16:11.333435
237,chao58,chaozheng@example.org,15533542168,2025-11-11 03:09:50.53532,ad_campaign,suspended,1,f,2025-12-14 13:21:36.53532,2026-01-25 02:16:11.333435,2026-01-25 02:16:11.333435
238,gangcheng,li78@example.net,13056257532,2026-01-02 05:54:18.53532,referral,active,2,f,2026-01-16 02:13:44.53532,2026-01-25 02:16:11.333435,2026-01-25 02:16:11.333435
239,ocao,jiejia@example.net,13498215064,2026-01-19 06:04:24.53532,app_store,active,2,t,2026-01-24 16:44:44.53532,2026-01-25 02:16:11.333435,2026-01-25 02:16:11.333435
240,zhangguiying,cuiyan@example.org,18276184723,2025-11-02 13:54:44.53532,google_play,inactive,1,f,2025-12-10 12:13:54.53532,2026-01-25 02:16:11.333435,2026-01-25 02:16:11.333435
241,liuping,zhangwei@example.com,14592618914,2025-12-30 16:54:23.53532,app_store,active,3,f,2025-12-30 16:54:23.53532,2026-01-25 02:16:11.333435,2026-01-25 02:16:11.333435
242,fantao,xiuyinghu@example.com,15383564208,2025-12-17 15:07:11.53532,ad_campaign,deleted,3,t,2025-12-22 04:40:36.53532,2026-01-25 02:16:11.333435,2026-01-25 02:16:11.333435
243,yantao,jun00@example.net,13619721811,2025-12-27 05:18:26.53532,referral,inactive,1,f,2025-12-31 11:15:24.53532,2026-01-25 02:16:11.333435,2026-01-25 02:16:11.333435
244,qlin,gcui@example.org,18004556110,2026-01-10 21:42:08.53532,wechat_mini,active,1,f,2026-01-18 08:42:28.53532,2026-01-25 02:16:11.333435,2026-01-25 02:16:11.333435
245,yongyuan,minmo@example.com,14541552166,2025-12-22 09:39:34.53532,organic,suspended,1,f,2026-01-03 21:30:19.53532,2026-01-25 02:16:11.333435,2026-01-25 02:16:11.333435
246,ezhou,zzeng@example.org,13720216979,2025-11-23 00:00:22.53532,referral,active,1,t,2025-12-28 11:49:59.53532,2026-01-25 02:16:11.333435,2026-01-25 02:16:11.333435
247,xiuyingqian,xiuying02@example.com,18971670145,2025-12-06 18:36:15.53532,referral,active,1,f,2025-12-12 06:25:24.53532,2026-01-25 02:16:11.333435,2026-01-25 02:16:11.333435
248,yongmao,shiyong@example.net,15075628900,2025-11-27 16:20:10.53532,ad_campaign,inactive,1,f,2025-11-27 16:20:10.53532,2026-01-25 02:16:11.333435,2026-01-25 02:16:11.333435
249,weitang,ehan@example.com,15735408386,2025-11-05 18:33:27.53532,referral,active,5,f,2026-01-13 19:02:44.53532,2026-01-25 02:16:11.333435,2026-01-25 02:16:11.333435
250,gangsun,cxu@example.org,18077517016,2026-01-10 08:25:38.53532,google_play,active,3,f,2026-01-11 13:10:48.53532,2026-01-25 02:16:11.333435,2026-01-25 02:16:11.333435
251,duxiuying,wei83@example.net,15675503758,2025-11-10 14:06:50.53532,huawei_store,suspended,1,t,2026-01-23 18:18:49.53532,2026-01-25 02:16:11.333435,2026-01-25 02:16:11.333435
252,yan71,zhangjun@example.org,15754885102,2025-12-04 12:56:03.53532,referral,active,2,f,2025-12-18 05:36:53.53532,2026-01-25 02:16:11.333435,2026-01-25 02:16:11.333435
253,qfan,juanfeng@example.com,14773516091,2026-01-12 04:27:27.53532,app_store,inactive,2,f,2026-01-15 10:24:38.53532,2026-01-25 02:16:11.333435,2026-01-25 02:16:11.333435
254,qsun,taobai@example.net,18608697829,2026-01-19 08:29:33.53532,wechat_mini,active,2,f,2026-01-21 05:26:54.53532,2026-01-25 02:16:11.333435,2026-01-25 02:16:11.333435
255,qiaoyong,wei66@example.net,18934654722,2025-11-13 14:41:07.53532,referral,active,1,f,2026-01-21 01:53:48.53532,2026-01-25 02:16:11.333435,2026-01-25 02:16:11.333435
256,yan85,juanhuang@example.net,18545228851,2025-11-06 11:17:58.53532,organic,active,1,f,2025-11-21 19:37:53.53532,2026-01-25 02:16:11.333435,2026-01-25 02:16:11.333435
257,kxue,vzheng@example.net,15260810620,2025-12-11 10:23:40.53532,ad_campaign,active,2,f,2025-12-11 10:23:40.53532,2026-01-25 02:16:11.333435,2026-01-25 02:16:11.333435
258,leiguo,yong42@example.org,18543805719,2025-12-05 20:45:22.53532,organic,active,2,f,2026-01-02 12:03:44.53532,2026-01-25 02:16:11.333435,2026-01-25 02:16:11.333435
259,yangxie,gkang@example.net,15206665800,2025-12-01 00:02:26.53532,referral,active,5,f,2025-12-30 11:52:16.53532,2026-01-25 02:16:11.333435,2026-01-25 02:16:11.333435
260,xiuyingsong,yangzou@example.net,15559893347,2026-01-23 22:03:11.53532,app_store,active,2,f,2026-01-24 07:06:12.53532,2026-01-25 02:16:11.333435,2026-01-25 02:16:11.333435
261,hejing,qianfang@example.com,15184229405,2025-12-27 05:02:00.53532,web,active,3,f,2026-01-01 07:34:15.53532,2026-01-25 02:16:11.333435,2026-01-25 02:16:11.333435
262,gumin,yinxiuying@example.net,15279851583,2025-12-06 07:12:46.53532,organic,active,3,f,2026-01-17 00:04:16.53532,2026-01-25 02:16:11.333435,2026-01-25 02:16:11.333435
263,pingxiang,wdu@example.org,18135554398,2025-12-25 16:27:07.53532,referral,active,1,f,2026-01-20 07:06:27.53532,2026-01-25 02:16:11.333435,2026-01-25 02:16:11.333435
264,fangyong,qiang39@example.net,15005616484,2025-11-24 14:00:45.53532,wechat_mini,inactive,4,f,2025-11-24 14:00:45.53532,2026-01-25 02:16:11.333435,2026-01-25 02:16:11.333435
265,ctian,yang35@example.net,13612880133,2025-12-21 11:48:45.53532,web,deleted,2,f,2026-01-08 10:04:52.53532,2026-01-25 02:16:11.333435,2026-01-25 02:16:11.333435
266,nfan,eyuan@example.net,15620750110,2025-12-21 16:45:25.53532,huawei_store,active,1,f,2026-01-18 04:51:32.53532,2026-01-25 02:16:11.333435,2026-01-25 02:16:11.333435
267,leiren,osu@example.com,18250618091,2025-12-02 12:39:23.53532,ad_campaign,active,4,f,2026-01-02 10:26:35.53532,2026-01-25 02:16:11.333435,2026-01-25 02:16:11.333435
268,zhugang,wei14@example.net,15291476607,2025-10-30 23:48:51.53532,ad_campaign,active,1,f,2025-10-30 23:48:51.53532,2026-01-25 02:16:11.333435,2026-01-25 02:16:11.333435
269,jieqin,yang24@example.net,18150882100,2025-12-27 18:35:22.53532,ad_campaign,active,1,f,2026-01-15 10:38:27.53532,2026-01-25 02:16:11.333435,2026-01-25 02:16:11.333435
270,jxia,longjuan@example.net,18653682223,2026-01-16 08:07:08.53532,ad_campaign,active,3,f,2026-01-16 08:07:08.53532,2026-01-25 02:16:11.333435,2026-01-25 02:16:11.333435
271,juan12,xiaoqiang@example.net,13114141397,2025-11-29 08:59:53.53532,web,active,1,f,2025-11-29 08:59:53.53532,2026-01-25 02:16:11.333435,2026-01-25 02:16:11.333435
272,guiyingliao,houmin@example.com,18759492995,2025-10-27 05:38:06.53532,referral,active,1,f,2025-11-15 16:05:40.53532,2026-01-25 02:16:11.333435,2026-01-25 02:16:11.333435
273,ahan,jun36@example.com,15352577754,2025-11-13 10:44:17.53532,referral,active,3,f,2026-01-05 16:26:39.53532,2026-01-25 02:16:11.333435,2026-01-25 02:16:11.333435
274,gxiao,yangyao@example.org,15342834110,2025-11-24 00:15:56.53532,app_store,active,1,f,2026-01-15 15:24:04.53532,2026-01-25 02:16:11.333435,2026-01-25 02:16:11.333435
275,xuexiulan,nyan@example.org,13148872563,2026-01-06 04:50:21.53532,wechat_mini,active,2,f,2026-01-20 00:00:09.53532,2026-01-25 02:16:11.333435,2026-01-25 02:16:11.333435
276,jie78,qinming@example.net,13439282722,2025-12-02 10:37:23.53532,wechat_mini,active,2,t,2025-12-02 10:37:23.53532,2026-01-25 02:16:11.333435,2026-01-25 02:16:11.333435
277,taomo,jiangtao@example.org,13645303856,2025-11-28 09:20:38.53532,huawei_store,active,2,f,2025-12-30 10:57:41.53532,2026-01-25 02:16:11.333435,2026-01-25 02:16:11.333435
278,ccheng,guiying84@example.net,15198926659,2026-01-02 03:12:39.53532,ad_campaign,inactive,2,f,2026-01-18 15:11:39.53532,2026-01-25 02:16:11.333435,2026-01-25 02:16:11.333435
279,wenlei,hjiang@example.com,15857790827,2025-12-25 16:55:27.53532,organic,active,3,f,2026-01-07 15:48:02.53532,2026-01-25 02:16:11.333435,2026-01-25 02:16:11.333435
280,weiyang,juan22@example.org,15891365177,2025-11-17 01:52:43.53532,referral,active,1,f,2025-12-12 21:25:01.53532,2026-01-25 02:16:11.333435,2026-01-25 02:16:11.333435
281,yangren,kongfang@example.org,13292280920,2025-12-27 03:46:43.53532,referral,active,2,f,2026-01-06 03:45:27.53532,2026-01-25 02:16:11.333435,2026-01-25 02:16:11.333435
282,weiqiu,zhangli@example.org,14779772369,2025-10-28 14:17:22.53532,ad_campaign,active,5,f,2025-10-28 14:17:22.53532,2026-01-25 02:16:11.333435,2026-01-25 02:16:11.333435
283,xiuyingzhang,jing57@example.net,13213662103,2025-12-19 00:03:33.53532,wechat_mini,active,1,f,2026-01-16 01:19:06.53532,2026-01-25 02:16:11.333435,2026-01-25 02:16:11.333435
284,mgu,haotao@example.net,14508811729,2025-12-16 16:54:40.53532,app_store,active,2,f,2025-12-28 08:59:37.53532,2026-01-25 02:16:11.333435,2026-01-25 02:16:11.333435
285,zhengyang,awen@example.com,18008637659,2025-11-29 12:54:08.53532,web,active,4,f,2025-11-29 12:54:08.53532,2026-01-25 02:16:11.333435,2026-01-25 02:16:11.333435
286,shenjie,tao31@example.com,14586430098,2026-01-14 07:25:54.53532,huawei_store,active,1,f,2026-01-19 21:30:36.53532,2026-01-25 02:16:11.333435,2026-01-25 02:16:11.333435
287,yanlu,gpan@example.org,18294486959,2025-11-22 03:36:42.53532,web,active,1,f,2025-12-03 19:17:24.53532,2026-01-25 02:16:11.333435,2026-01-25 02:16:11.333435
288,ahuang,xhao@example.net,13174495621,2026-01-11 14:09:16.53532,web,suspended,1,t,2026-01-22 08:23:15.53532,2026-01-25 02:16:11.333435,2026-01-25 02:16:11.333435
289,qiangzhu,guiyingjia@example.net,15958902601,2025-11-19 03:46:41.53532,google_play,deleted,2,f,2025-12-27 15:55:34.53532,2026-01-25 02:16:11.333435,2026-01-25 02:16:11.333435
290,edu,jun51@example.net,13566984902,2025-12-30 02:08:48.53532,wechat_mini,active,1,f,2026-01-07 08:33:57.53532,2026-01-25 02:16:11.333435,2026-01-25 02:16:11.333435
291,mcai,juan09@example.net,13039205302,2025-11-19 15:05:48.53532,web,inactive,1,f,2025-12-24 15:12:24.53532,2026-01-25 02:16:11.333435,2026-01-25 02:16:11.333435
292,na56,myan@example.net,13411848955,2025-10-31 07:32:55.53532,web,active,1,f,2025-11-15 07:33:48.53532,2026-01-25 02:16:11.333435,2026-01-25 02:16:11.333435
293,qiangqiu,leijing@example.com,13018184518,2026-01-20 13:55:51.53532,organic,active,1,f,2026-01-24 03:49:16.53532,2026-01-25 02:16:11.333435,2026-01-25 02:16:11.333435
294,yan76,wkong@example.com,14577907141,2025-11-22 04:27:24.53532,organic,active,1,f,2025-12-01 02:14:39.53532,2026-01-25 02:16:11.333435,2026-01-25 02:16:11.333435
295,yongzhu,minren@example.com,13080434165,2025-11-21 21:17:36.53532,referral,active,5,f,2025-11-21 21:17:36.53532,2026-01-25 02:16:11.333435,2026-01-25 02:16:11.333435
296,taolu,juan94@example.org,18637333433,2025-11-05 11:07:28.53532,referral,active,1,t,2025-11-24 21:42:05.53532,2026-01-25 02:16:11.333435,2026-01-25 02:16:11.333435
297,jie11,zhengyong@example.com,14508075957,2025-11-05 01:19:57.53532,organic,active,2,f,2025-12-22 21:48:56.53532,2026-01-25 02:16:11.333435,2026-01-25 02:16:11.333435
298,tao28,na39@example.org,13586780856,2025-12-03 00:31:38.53532,ad_campaign,active,4,f,2025-12-17 13:18:42.53532,2026-01-25 02:16:11.333435,2026-01-25 02:16:11.333435
299,sfeng,slu@example.org,13436915594,2026-01-05 00:26:34.53532,referral,active,1,f,2026-01-16 20:44:13.53532,2026-01-25 02:16:11.333435,2026-01-25 02:16:11.333435
300,jun47,ming27@example.com,14765564729,2025-12-07 16:54:35.53532,huawei_store,inactive,1,f,2025-12-14 07:45:11.53532,2026-01-25 02:16:11.333435,2026-01-25 02:16:11.333435
301,guiyingli,xiashi@example.com,14722702672,2026-01-17 09:55:28.53532,referral,inactive,2,f,2026-01-24 20:19:28.53532,2026-01-25 02:16:11.333435,2026-01-25 02:16:11.333435
302,tao44,qinguiying@example.net,13903471754,2026-01-09 02:55:43.53532,referral,active,1,f,2026-01-14 14:14:28.53532,2026-01-25 02:16:11.333435,2026-01-25 02:16:11.333435
303,ming06,mengyong@example.net,14799824558,2025-12-10 17:11:18.53532,referral,active,1,f,2026-01-05 05:59:38.53532,2026-01-25 02:16:11.333435,2026-01-25 02:16:11.333435
304,ydong,qiang22@example.net,13356996112,2025-12-28 18:14:04.53532,google_play,active,1,f,2026-01-06 15:58:31.53532,2026-01-25 02:16:11.333435,2026-01-25 02:16:11.333435
305,jun55,yan49@example.net,15947598762,2025-12-19 10:14:37.53532,referral,deleted,1,t,2025-12-19 10:14:37.53532,2026-01-25 02:16:11.333435,2026-01-25 02:16:11.333435
306,fujun,yan13@example.org,15911178006,2025-11-06 07:04:16.53532,organic,active,2,f,2026-01-03 03:09:53.53532,2026-01-25 02:16:11.333435,2026-01-25 02:16:11.333435
307,fanlei,gangzeng@example.com,15233472282,2025-11-11 08:33:44.53532,app_store,deleted,1,f,2025-11-13 18:39:44.53532,2026-01-25 02:16:11.333435,2026-01-25 02:16:11.333435
308,tao78,xia72@example.net,13129979688,2025-12-28 05:30:35.53532,organic,inactive,3,f,2026-01-10 01:19:55.53532,2026-01-25 02:16:11.333435,2026-01-25 02:16:11.333435
309,tao83,songli@example.com,18242400825,2025-12-31 06:02:20.53532,wechat_mini,suspended,1,f,2026-01-23 00:12:54.53532,2026-01-25 02:16:11.333435,2026-01-25 02:16:11.333435
310,zhoutao,aliu@example.com,13349308536,2025-12-19 02:52:22.53532,huawei_store,suspended,1,f,2026-01-04 12:12:03.53532,2026-01-25 02:16:11.333435,2026-01-25 02:16:11.333435
311,pqin,yanyuan@example.com,15363416389,2025-11-28 07:35:26.53532,referral,active,2,f,2026-01-03 23:08:13.53532,2026-01-25 02:16:11.333435,2026-01-25 02:16:11.333435
312,li84,ehou@example.org,13841797497,2025-12-17 00:25:08.53532,organic,active,4,f,2026-01-16 16:21:10.53532,2026-01-25 02:16:11.333435,2026-01-25 02:16:11.333435
313,gufang,heguiying@example.com,15127031207,2026-01-10 15:58:47.53532,google_play,active,1,t,2026-01-16 03:50:33.53532,2026-01-25 02:16:11.333435,2026-01-25 02:16:11.333435
314,ylong,dpeng@example.net,13305120461,2025-12-30 02:55:58.53532,organic,active,1,f,2026-01-19 20:34:00.53532,2026-01-25 02:16:11.333435,2026-01-25 02:16:11.333435
315,mhe,na01@example.net,15067303718,2026-01-05 12:17:50.53532,organic,inactive,2,f,2026-01-12 04:34:39.53532,2026-01-25 02:16:11.333435,2026-01-25 02:16:11.333435
316,taoqiao,min20@example.net,18988147435,2025-12-12 18:37:38.53532,wechat_mini,active,4,f,2026-01-24 17:07:05.53532,2026-01-25 02:16:11.333435,2026-01-25 02:16:11.333435
317,zhaojuan,kangyang@example.com,15702491630,2025-12-19 01:51:24.53532,huawei_store,active,1,f,2025-12-19 01:51:24.53532,2026-01-25 02:16:11.333435,2026-01-25 02:16:11.333435
318,mzhou,mingdu@example.org,13971950052,2025-11-23 19:48:40.53532,app_store,active,1,f,2025-12-31 21:57:32.53532,2026-01-25 02:16:11.333435,2026-01-25 02:16:11.333435
319,taojin,xia57@example.net,14706524077,2025-10-28 09:29:23.53532,referral,inactive,1,t,2025-10-28 09:29:23.53532,2026-01-25 02:16:11.333435,2026-01-25 02:16:11.333435
320,khou,xiameng@example.com,18674982182,2026-01-07 14:20:38.53532,huawei_store,active,2,f,2026-01-17 01:25:13.53532,2026-01-25 02:16:11.333435,2026-01-25 02:16:11.333435
321,xia57,yuwei@example.com,18620959351,2025-12-19 15:27:40.53532,huawei_store,suspended,4,f,2025-12-25 19:44:25.53532,2026-01-25 02:16:11.333435,2026-01-25 02:16:11.333435
322,hhou,jxiao@example.net,15256511810,2025-12-02 10:31:05.53532,ad_campaign,active,4,f,2025-12-24 15:47:53.53532,2026-01-25 02:16:11.333435,2026-01-25 02:16:11.333435
323,jingchen,guiyingtian@example.org,13709678994,2025-11-01 11:09:10.53532,referral,active,4,t,2025-12-23 14:55:32.53532,2026-01-25 02:16:11.333435,2026-01-25 02:16:11.333435
324,xiuyingding,huangyang@example.com,18917058650,2025-12-23 08:44:34.53532,web,active,2,f,2026-01-05 18:09:12.53532,2026-01-25 02:16:11.333435,2026-01-25 02:16:11.333435
325,wei01,gang38@example.org,13738633839,2025-11-23 01:23:48.53532,wechat_mini,deleted,2,f,2025-12-22 12:30:53.53532,2026-01-25 02:16:11.333435,2026-01-25 02:16:11.333435
326,xiaxie,xfan@example.net,13257612286,2025-12-13 08:50:04.53532,wechat_mini,deleted,2,t,2025-12-17 17:24:04.53532,2026-01-25 02:16:11.333435,2026-01-25 02:16:11.333435
327,umo,ming66@example.net,15793983684,2026-01-06 21:36:37.53532,referral,active,1,f,2026-01-08 17:33:30.53532,2026-01-25 02:16:11.333435,2026-01-25 02:16:11.333435
328,zsu,chenli@example.net,13482404335,2026-01-09 03:39:09.53532,google_play,active,2,f,2026-01-09 03:39:09.53532,2026-01-25 02:16:11.333435,2026-01-25 02:16:11.333435
329,xia88,guiyingchen@example.com,15822459334,2025-12-16 04:07:04.53532,ad_campaign,suspended,2,t,2025-12-24 03:50:43.53532,2026-01-25 02:16:11.333435,2026-01-25 02:16:11.333435
330,gangluo,fhao@example.net,18591940961,2025-11-05 11:12:12.53532,web,active,4,f,2025-11-29 18:49:38.53532,2026-01-25 02:16:11.333435,2026-01-25 02:16:11.333435
331,ming66,jinyang@example.net,18906048058,2025-12-17 10:52:02.53532,organic,active,3,f,2025-12-27 14:10:35.53532,2026-01-25 02:16:11.333435,2026-01-25 02:16:11.333435
332,wei32,zhengna@example.com,14599813646,2025-12-26 03:53:32.53532,web,active,3,f,2025-12-27 06:02:37.53532,2026-01-25 02:16:11.333435,2026-01-25 02:16:11.333435
333,gang79,xiaona@example.com,13668622783,2025-12-17 23:59:37.53532,referral,active,4,f,2026-01-11 06:33:14.53532,2026-01-25 02:16:11.333435,2026-01-25 02:16:11.333435
334,xiaye,junding@example.com,14565911665,2025-12-04 04:09:47.53532,google_play,active,2,f,2025-12-04 04:09:47.53532,2026-01-25 02:16:11.333435,2026-01-25 02:16:11.333435
335,longjing,xiuying79@example.org,18703352110,2025-12-26 13:41:11.53532,web,active,1,f,2025-12-26 13:41:11.53532,2026-01-25 02:16:11.333435,2026-01-25 02:16:11.333435
336,licai,yan14@example.com,18805383388,2025-12-12 14:48:41.53532,wechat_mini,active,2,f,2025-12-12 14:48:41.53532,2026-01-25 02:16:11.333435,2026-01-25 02:16:11.333435
337,uyi,yanzhu@example.net,13469804204,2026-01-24 19:52:36.53532,ad_campaign,active,3,f,2026-01-24 20:07:24.53532,2026-01-25 02:16:11.333435,2026-01-25 02:16:11.333435
338,fang70,qiaoyong@example.com,15651046368,2026-01-10 21:23:19.53532,organic,active,1,f,2026-01-24 07:39:15.53532,2026-01-25 02:16:11.333435,2026-01-25 02:16:11.333435
339,lutao,hejuan@example.net,18780038457,2026-01-03 14:36:28.53532,google_play,active,5,f,2026-01-03 14:36:28.53532,2026-01-25 02:16:11.333435,2026-01-25 02:16:11.333435
340,yong55,jun84@example.org,15546084325,2025-10-27 01:34:53.53532,app_store,active,3,f,2025-11-26 09:30:22.53532,2026-01-25 02:16:11.333435,2026-01-25 02:16:11.333435
341,gangqian,pingkang@example.net,13864957823,2025-12-01 17:17:13.53532,organic,active,1,f,2025-12-18 12:50:01.53532,2026-01-25 02:16:11.333435,2026-01-25 02:16:11.333435
342,jielong,pinggong@example.net,18992518812,2025-11-12 01:25:47.53532,referral,active,4,t,2025-11-28 16:11:01.53532,2026-01-25 02:16:11.333435,2026-01-25 02:16:11.333435
343,chaolu,tren@example.com,18642312209,2025-11-18 10:14:58.53532,organic,active,3,f,2025-12-23 23:08:05.53532,2026-01-25 02:16:11.333435,2026-01-25 02:16:11.333435
344,xiuyingjin,yongchang@example.com,13672897526,2025-11-07 17:19:49.53532,app_store,active,1,f,2026-01-04 04:11:31.53532,2026-01-25 02:16:11.333435,2026-01-25 02:16:11.333435
345,itang,juanjiang@example.org,18204633312,2026-01-21 04:16:43.53532,referral,deleted,1,f,2026-01-21 04:16:43.53532,2026-01-25 02:16:11.333435,2026-01-25 02:16:11.333435
346,fye,qiang36@example.com,14509656999,2025-11-19 18:24:37.53532,organic,active,2,f,2025-11-19 18:24:37.53532,2026-01-25 02:16:11.333435,2026-01-25 02:16:11.333435
347,wenguiying,csun@example.org,13086086803,2025-12-26 20:20:55.53532,organic,inactive,3,f,2025-12-30 02:57:33.53532,2026-01-25 02:16:11.333435,2026-01-25 02:16:11.333435
348,xliu,qiang26@example.com,14508277181,2025-12-16 06:57:11.53532,referral,active,1,t,2025-12-25 08:02:15.53532,2026-01-25 02:16:11.333435,2026-01-25 02:16:11.333435
349,naren,qiang02@example.com,13237145211,2025-11-06 16:04:30.53532,web,suspended,2,f,2025-11-06 16:04:30.53532,2026-01-25 02:16:11.333435,2026-01-25 02:16:11.333435
350,xyu,wuyan@example.com,18689268602,2025-12-12 16:23:48.53532,wechat_mini,inactive,3,f,2025-12-23 00:56:06.53532,2026-01-25 02:16:11.333435,2026-01-25 02:16:11.333435
351,jinggong,yancui@example.com,15247421230,2026-01-13 23:40:56.53532,app_store,deleted,1,f,2026-01-13 23:40:56.53532,2026-01-25 02:16:11.333435,2026-01-25 02:16:11.333435
352,chao77,zxiang@example.org,14573397767,2025-11-26 11:35:36.53532,referral,suspended,2,f,2025-12-09 07:15:28.53532,2026-01-25 02:16:11.333435,2026-01-25 02:16:11.333435
353,kongxia,xiuying83@example.org,13920502099,2025-12-29 01:02:53.53532,web,inactive,1,f,2026-01-14 15:27:28.53532,2026-01-25 02:16:11.333435,2026-01-25 02:16:11.333435
354,cuiguiying,khao@example.net,15299982795,2025-11-15 23:50:29.53532,referral,active,3,f,2025-11-15 23:50:29.53532,2026-01-25 02:16:11.333435,2026-01-25 02:16:11.333435
355,liumin,na16@example.net,13647214586,2025-11-08 09:23:22.53532,huawei_store,active,3,t,2026-01-02 16:02:46.53532,2026-01-25 02:16:11.333435,2026-01-25 02:16:11.333435
356,xiuyingdai,xuyang@example.net,13679469548,2025-10-27 07:42:06.53532,app_store,active,1,f,2026-01-21 13:28:33.53532,2026-01-25 02:16:11.333435,2026-01-25 02:16:11.333435
357,xiuyingxiong,uwen@example.net,18872934301,2026-01-10 03:26:38.53532,google_play,deleted,4,f,2026-01-11 21:28:24.53532,2026-01-25 02:16:11.333435,2026-01-25 02:16:11.333435
358,huangxiuying,cren@example.com,15883034414,2025-12-13 13:29:12.53532,app_store,inactive,4,f,2026-01-17 11:27:14.53532,2026-01-25 02:16:11.333435,2026-01-25 02:16:11.333435
359,wei85,fangyong@example.com,15769902355,2026-01-20 10:09:43.53532,huawei_store,active,2,f,2026-01-23 00:46:41.53532,2026-01-25 02:16:11.333435,2026-01-25 02:16:11.333435
360,ztang,yuanjie@example.com,13878576084,2025-12-07 08:12:46.53532,google_play,active,2,f,2025-12-07 08:12:46.53532,2026-01-25 02:16:11.333435,2026-01-25 02:16:11.333435
361,xia80,xiulanzhong@example.com,13351240568,2025-11-22 13:32:03.53532,ad_campaign,active,2,f,2026-01-05 15:07:28.53532,2026-01-25 02:16:11.333435,2026-01-25 02:16:11.333435
362,mhe,longyan@example.com,18504617357,2025-12-01 14:22:08.53532,web,active,4,f,2025-12-08 23:41:43.53532,2026-01-25 02:16:11.333435,2026-01-25 02:16:11.333435
363,jing15,hugang@example.com,13007823578,2025-12-29 05:25:12.53532,ad_campaign,active,1,f,2026-01-21 18:04:47.53532,2026-01-25 02:16:11.333435,2026-01-25 02:16:11.333435
364,jie18,juanchen@example.com,15981040915,2025-12-21 20:09:54.53532,app_store,active,2,f,2026-01-19 04:50:38.53532,2026-01-25 02:16:11.333435,2026-01-25 02:16:11.333435
365,chao94,minhu@example.org,15248571422,2026-01-08 14:33:14.53532,ad_campaign,suspended,4,f,2026-01-08 14:33:14.53532,2026-01-25 02:16:11.333435,2026-01-25 02:16:11.333435
366,huangxia,xia54@example.org,18549321495,2025-10-27 03:34:38.53532,app_store,active,1,f,2025-11-03 05:26:48.53532,2026-01-25 02:16:11.333435,2026-01-25 02:16:11.333435
367,fuchao,dzheng@example.org,15901662997,2025-12-18 10:32:32.53532,organic,active,3,f,2025-12-18 10:32:32.53532,2026-01-25 02:16:11.333435,2026-01-25 02:16:11.333435
368,min38,tanxiulan@example.org,13671747733,2025-11-15 17:40:56.53532,google_play,inactive,2,f,2025-11-15 17:40:56.53532,2026-01-25 02:16:11.333435,2026-01-25 02:16:11.333435
369,ming62,min77@example.org,13671577245,2026-01-01 10:02:35.53532,organic,inactive,2,f,2026-01-15 07:37:38.53532,2026-01-25 02:16:11.333435,2026-01-25 02:16:11.333435
370,weifan,ufan@example.net,15514876963,2026-01-06 06:06:52.53532,web,active,2,f,2026-01-10 16:34:26.53532,2026-01-25 02:16:11.333435,2026-01-25 02:16:11.333435
371,vdeng,yanyan@example.com,13369583219,2025-11-25 08:08:39.53532,google_play,active,3,f,2025-12-29 00:44:00.53532,2026-01-25 02:16:11.333435,2026-01-25 02:16:11.333435
372,yanxiuying,jluo@example.org,15372461919,2025-11-03 15:01:52.53532,wechat_mini,inactive,1,f,2025-11-03 15:01:52.53532,2026-01-25 02:16:11.333435,2026-01-25 02:16:11.333435
373,fluo,dujuan@example.org,18190227846,2025-11-04 03:24:39.53532,ad_campaign,active,2,t,2025-11-04 03:24:39.53532,2026-01-25 02:16:11.333435,2026-01-25 02:16:11.333435
374,nhu,li94@example.com,18551909862,2025-12-13 06:43:34.53532,web,active,3,f,2025-12-13 06:43:34.53532,2026-01-25 02:16:11.333435,2026-01-25 02:16:11.333435
375,fang58,baiyan@example.net,15351403696,2025-12-20 17:50:07.53532,wechat_mini,active,3,f,2026-01-24 12:15:21.53532,2026-01-25 02:16:11.333435,2026-01-25 02:16:11.333435
376,yqiu,nxiang@example.net,13972386562,2025-11-14 05:28:39.53532,organic,active,2,f,2025-12-09 03:34:30.53532,2026-01-25 02:16:11.333435,2026-01-25 02:16:11.333435
377,yong22,dingyang@example.org,13876212679,2025-10-31 01:41:37.53532,referral,active,1,f,2025-12-31 06:36:36.53532,2026-01-25 02:16:11.333435,2026-01-25 02:16:11.333435
378,qiangwei,cxiao@example.com,15832690973,2025-11-22 13:47:06.53532,google_play,active,3,f,2025-12-03 05:55:35.53532,2026-01-25 02:16:11.333435,2026-01-25 02:16:11.333435
379,ping89,fang09@example.com,18551971284,2026-01-16 13:27:40.53532,google_play,active,2,f,2026-01-16 17:57:30.53532,2026-01-25 02:16:11.333435,2026-01-25 02:16:11.333435
380,wenxiuying,kongtao@example.net,18618949058,2025-10-28 20:21:10.53532,huawei_store,active,5,t,2025-11-21 10:12:21.53532,2026-01-25 02:16:11.333435,2026-01-25 02:16:11.333435
381,gsun,uxu@example.com,18254420949,2025-12-29 16:46:11.53532,organic,inactive,1,t,2025-12-29 16:46:11.53532,2026-01-25 02:16:11.333435,2026-01-25 02:16:11.333435
382,xiulancui,xiuying04@example.com,13628144294,2026-01-02 14:50:46.53532,ad_campaign,active,3,f,2026-01-22 01:25:36.53532,2026-01-25 02:16:11.333435,2026-01-25 02:16:11.333435
383,yaojing,yongsu@example.com,13324372805,2026-01-14 03:20:46.53532,app_store,active,5,f,2026-01-22 18:25:39.53532,2026-01-25 02:16:11.333435,2026-01-25 02:16:11.333435
384,xiuyinggu,xren@example.com,15072395041,2025-12-29 07:02:11.53532,huawei_store,active,1,t,2026-01-18 17:04:21.53532,2026-01-25 02:16:11.333435,2026-01-25 02:16:11.333435
385,hanqiang,ttang@example.com,18683667428,2026-01-12 18:49:38.53532,referral,inactive,5,t,2026-01-23 21:18:34.53532,2026-01-25 02:16:11.333435,2026-01-25 02:16:11.333435
386,rqian,wei01@example.net,15556945441,2025-12-09 22:39:07.53532,ad_campaign,active,3,f,2025-12-23 13:26:11.53532,2026-01-25 02:16:11.333435,2026-01-25 02:16:11.333435
387,xtan,yongyan@example.org,13052580010,2026-01-15 03:11:43.53532,referral,inactive,1,f,2026-01-22 11:41:05.53532,2026-01-25 02:16:11.333435,2026-01-25 02:16:11.333435
388,omeng,lei30@example.org,14510939111,2025-11-27 06:15:13.53532,ad_campaign,active,3,f,2025-12-29 10:28:38.53532,2026-01-25 02:16:11.333435,2026-01-25 02:16:11.333435
389,nazhang,guiyingzhu@example.org,15147174654,2025-12-31 14:40:17.53532,organic,active,3,f,2026-01-24 20:02:44.53532,2026-01-25 02:16:11.333435,2026-01-25 02:16:11.333435
390,qianna,fang44@example.org,18717396271,2025-12-21 18:14:21.53532,web,active,1,f,2025-12-23 09:21:49.53532,2026-01-25 02:16:11.333435,2026-01-25 02:16:11.333435
391,njia,songyan@example.com,13701194707,2025-12-23 12:01:29.53532,wechat_mini,active,1,f,2025-12-30 14:40:55.53532,2026-01-25 02:16:11.333435,2026-01-25 02:16:11.333435
392,yangyu,chenyong@example.com,15125690877,2025-12-28 23:27:25.53532,wechat_mini,active,3,f,2026-01-11 06:25:10.53532,2026-01-25 02:16:11.333435,2026-01-25 02:16:11.333435
393,xiangjun,qiaoyan@example.com,13798554601,2026-01-20 01:26:38.53532,google_play,inactive,2,t,2026-01-23 23:47:29.53532,2026-01-25 02:16:11.333435,2026-01-25 02:16:11.333435
394,gang74,jingxiao@example.org,15934615717,2025-12-16 14:07:47.53532,organic,active,2,f,2026-01-13 19:42:54.53532,2026-01-25 02:16:11.333435,2026-01-25 02:16:11.333435
395,chaoyan,taoqiao@example.org,13384787005,2025-11-06 06:21:27.53532,huawei_store,active,1,f,2025-12-03 19:48:08.53532,2026-01-25 02:16:11.333435,2026-01-25 02:16:11.333435
396,qiuguiying,yangzhao@example.net,18782931027,2025-12-06 01:53:21.53532,google_play,active,1,t,2025-12-06 01:53:21.53532,2026-01-25 02:16:11.333435,2026-01-25 02:16:11.333435
397,cyi,yanzeng@example.org,13420417929,2025-11-18 00:30:52.53532,web,active,3,t,2025-12-18 02:00:06.53532,2026-01-25 02:16:11.333435,2026-01-25 02:16:11.333435
398,wanxiuying,ganghu@example.com,15765198253,2025-12-21 06:42:05.53532,organic,inactive,1,f,2026-01-04 11:30:11.53532,2026-01-25 02:16:11.333435,2026-01-25 02:16:11.333435
399,mindeng,liangjie@example.com,13958273902,2025-12-29 09:41:44.53532,google_play,active,2,f,2025-12-31 03:54:05.53532,2026-01-25 02:16:11.333435,2026-01-25 02:16:11.333435
400,bguo,adong@example.org,13919467232,2025-12-10 19:28:35.53532,wechat_mini,active,1,t,2026-01-15 03:10:23.53532,2026-01-25 02:16:11.333435,2026-01-25 02:16:11.333435
401,pren,xiuyingzhou@example.org,14527914560,2025-12-26 02:07:39.53532,organic,active,2,f,2026-01-01 02:15:33.53532,2026-01-25 02:16:11.333435,2026-01-25 02:16:11.333435
402,yiming,qiangyin@example.net,14740312772,2025-12-27 08:24:59.53532,huawei_store,active,2,f,2025-12-27 08:24:59.53532,2026-01-25 02:16:11.333435,2026-01-25 02:16:11.333435
403,cuiyang,li36@example.com,15797010822,2025-11-03 23:32:52.53532,app_store,active,2,f,2025-11-03 23:32:52.53532,2026-01-25 02:16:11.333435,2026-01-25 02:16:11.333435
404,qiangyan,ping35@example.org,14515313636,2025-11-01 11:31:38.53532,organic,inactive,1,f,2025-11-01 11:31:38.53532,2026-01-25 02:16:11.333435,2026-01-25 02:16:11.333435
405,gangtang,bcui@example.org,14797265273,2026-01-04 09:03:01.53532,huawei_store,active,3,t,2026-01-19 21:03:17.53532,2026-01-25 02:16:11.333435,2026-01-25 02:16:11.333435
406,juan52,zhouxiulan@example.org,15121776253,2025-12-07 01:47:06.53532,referral,deleted,2,f,2026-01-11 04:14:55.53532,2026-01-25 02:16:11.333435,2026-01-25 02:16:11.333435
407,yangye,xiulanxiao@example.org,13668739774,2025-11-24 08:23:17.53532,web,active,2,f,2026-01-15 03:06:15.53532,2026-01-25 02:16:11.333435,2026-01-25 02:16:11.333435
408,junluo,oxue@example.net,13890600780,2025-10-31 06:50:04.53532,app_store,inactive,1,f,2025-12-23 01:32:18.53532,2026-01-25 02:16:11.333435,2026-01-25 02:16:11.333435
409,ztao,sutao@example.org,13680632543,2025-12-07 15:10:16.53532,wechat_mini,suspended,2,f,2026-01-04 17:34:01.53532,2026-01-25 02:16:11.333435,2026-01-25 02:16:11.333435
410,tzhao,yansun@example.net,18690772625,2025-12-06 18:40:06.53532,app_store,active,2,f,2026-01-09 06:24:25.53532,2026-01-25 02:16:11.333435,2026-01-25 02:16:11.333435
411,yingang,vzhou@example.net,13546498931,2026-01-03 16:37:36.53532,huawei_store,active,1,f,2026-01-04 10:37:03.53532,2026-01-25 02:16:11.333435,2026-01-25 02:16:11.333435
412,fang85,fangna@example.com,18790552818,2025-12-15 10:21:40.53532,google_play,active,1,f,2025-12-23 21:45:10.53532,2026-01-25 02:16:11.333435,2026-01-25 02:16:11.333435
413,jiema,xiafang@example.net,18893355486,2025-11-23 11:52:07.53532,ad_campaign,suspended,2,f,2026-01-03 06:46:59.53532,2026-01-25 02:16:11.333435,2026-01-25 02:16:11.333435
414,qiang78,tangyan@example.net,15684795137,2025-12-29 10:46:08.53532,app_store,deleted,1,f,2026-01-21 21:14:33.53532,2026-01-25 02:16:11.333435,2026-01-25 02:16:11.333435
415,shao,fanjing@example.com,13727238046,2026-01-21 09:37:01.53532,ad_campaign,inactive,2,f,2026-01-24 07:53:49.53532,2026-01-25 02:16:11.333435,2026-01-25 02:16:11.333435
416,taomeng,vsong@example.net,13443103856,2025-12-02 08:56:57.53532,ad_campaign,active,2,f,2026-01-23 06:12:36.53532,2026-01-25 02:16:11.333435,2026-01-25 02:16:11.333435
417,yang57,tsun@example.net,13842437540,2026-01-09 19:35:14.53532,app_store,active,1,f,2026-01-23 17:58:23.53532,2026-01-25 02:16:11.333435,2026-01-25 02:16:11.333435
418,qiang29,yanxia@example.com,13922231059,2025-12-05 07:35:31.53532,wechat_mini,active,1,f,2026-01-04 03:58:42.53532,2026-01-25 02:16:11.333435,2026-01-25 02:16:11.333435
419,ming23,zhaomin@example.com,13857828410,2025-12-08 17:06:09.53532,ad_campaign,active,3,f,2025-12-09 01:29:42.53532,2026-01-25 02:16:11.333435,2026-01-25 02:16:11.333435
420,qianglu,chaoxiang@example.net,15747492975,2025-12-01 23:32:49.53532,huawei_store,inactive,2,f,2025-12-15 19:43:50.53532,2026-01-25 02:16:11.333435,2026-01-25 02:16:11.333435
421,icheng,longchao@example.com,14537515093,2026-01-07 23:20:44.53532,huawei_store,inactive,5,f,2026-01-13 08:36:42.53532,2026-01-25 02:16:11.333435,2026-01-25 02:16:11.333435
422,leihu,dongxia@example.com,15618637599,2025-12-04 09:41:35.53532,web,active,2,t,2025-12-23 00:45:41.53532,2026-01-25 02:16:11.333435,2026-01-25 02:16:11.333435
423,na26,na50@example.com,15854781376,2026-01-23 15:25:10.53532,wechat_mini,active,1,f,2026-01-24 02:38:21.53532,2026-01-25 02:16:11.333435,2026-01-25 02:16:11.333435
424,ishao,gongjuan@example.com,18885196106,2026-01-21 10:20:11.53532,wechat_mini,inactive,4,f,2026-01-23 10:19:30.53532,2026-01-25 02:16:11.333435,2026-01-25 02:16:11.333435
425,ping28,kzou@example.org,14726487049,2026-01-07 22:47:02.53532,google_play,suspended,2,f,2026-01-14 18:31:40.53532,2026-01-25 02:16:11.333435,2026-01-25 02:16:11.333435
426,tao87,chaobai@example.org,15147146273,2025-12-05 04:53:07.53532,web,active,4,f,2026-01-11 13:04:41.53532,2026-01-25 02:16:11.333435,2026-01-25 02:16:11.333435
427,fenglei,mdeng@example.net,15897964715,2025-12-31 16:14:05.53532,huawei_store,active,2,f,2025-12-31 16:14:05.53532,2026-01-25 02:16:11.333435,2026-01-25 02:16:11.333435
428,jing90,mintan@example.net,13852045650,2025-11-19 18:11:48.53532,app_store,active,4,f,2026-01-01 02:05:36.53532,2026-01-25 02:16:11.333435,2026-01-25 02:16:11.333435
429,weijuan,guiyingyang@example.org,13155445189,2025-12-22 19:54:18.53532,google_play,active,2,f,2026-01-12 22:31:41.53532,2026-01-25 02:16:11.333435,2026-01-25 02:16:11.333435
430,chaogao,ming76@example.com,18921328338,2026-01-23 22:54:53.53532,app_store,active,1,f,2026-01-24 18:43:42.53532,2026-01-25 02:16:11.333435,2026-01-25 02:16:11.333435
431,shaoqiang,fangjie@example.org,18854527985,2026-01-22 00:42:28.53532,wechat_mini,active,1,f,2026-01-22 06:07:59.53532,2026-01-25 02:16:11.333435,2026-01-25 02:16:11.333435
432,jiangjie,yanjin@example.com,13832161107,2025-11-26 01:53:46.53532,app_store,active,1,t,2026-01-08 23:42:31.53532,2026-01-25 02:16:11.333435,2026-01-25 02:16:11.333435
433,huguiying,zhangwei@example.net,13571401401,2026-01-03 06:25:25.53532,app_store,active,1,f,2026-01-22 01:04:09.53532,2026-01-25 02:16:11.333435,2026-01-25 02:16:11.333435
434,xiulanhu,yongmeng@example.org,13624955289,2025-11-02 01:00:42.53532,huawei_store,deleted,1,f,2025-11-14 20:07:45.53532,2026-01-25 02:16:11.333435,2026-01-25 02:16:11.333435
435,duanxiulan,wujuan@example.net,14742801387,2025-12-03 10:16:47.53532,referral,active,1,f,2026-01-15 11:13:21.53532,2026-01-25 02:16:11.333435,2026-01-25 02:16:11.333435
436,qiangzheng,heming@example.com,18238361517,2025-11-09 04:54:41.53532,referral,active,3,f,2025-11-25 03:55:46.53532,2026-01-25 02:16:11.333435,2026-01-25 02:16:11.333435
437,taopan,xia01@example.com,18816479473,2025-11-26 19:51:38.53532,organic,active,2,f,2026-01-16 10:37:44.53532,2026-01-25 02:16:11.333435,2026-01-25 02:16:11.333435
438,ehou,xzheng@example.org,13471678112,2025-11-21 08:14:51.53532,wechat_mini,active,2,f,2026-01-02 19:51:18.53532,2026-01-25 02:16:11.333435,2026-01-25 02:16:11.333435
439,hangang,juan53@example.net,18061367499,2026-01-14 14:03:03.53532,organic,active,2,f,2026-01-17 09:46:38.53532,2026-01-25 02:16:11.333435,2026-01-25 02:16:11.333435
440,emo,gtian@example.com,13871147732,2025-11-11 09:51:46.53532,web,active,2,f,2026-01-10 07:02:09.53532,2026-01-25 02:16:11.333435,2026-01-25 02:16:11.333435
441,duanfang,wanyong@example.org,13969524991,2026-01-16 02:12:44.53532,wechat_mini,active,1,f,2026-01-21 12:34:01.53532,2026-01-25 02:16:11.333435,2026-01-25 02:16:11.333435
442,mtan,yong77@example.net,15185880061,2025-11-12 16:55:15.53532,web,deleted,1,t,2025-12-19 22:45:52.53532,2026-01-25 02:16:11.333435,2026-01-25 02:16:11.333435
443,na77,chenjing@example.net,15642762467,2025-10-31 07:44:11.53532,ad_campaign,active,5,f,2025-11-20 02:54:57.53532,2026-01-25 02:16:11.333435,2026-01-25 02:16:11.333435
444,jzhang,jtang@example.org,13006479695,2025-11-23 12:18:09.53532,referral,deleted,4,f,2025-12-25 03:17:24.53532,2026-01-25 02:16:11.333435,2026-01-25 02:16:11.333435
445,min00,fuming@example.com,13390561655,2025-12-04 18:37:11.53532,referral,active,1,f,2025-12-25 12:50:28.53532,2026-01-25 02:16:11.333435,2026-01-25 02:16:11.333435
446,zhangjun,junyuan@example.com,13211415208,2025-12-04 22:03:40.53532,huawei_store,active,2,f,2025-12-04 22:03:40.53532,2026-01-25 02:16:11.333435,2026-01-25 02:16:11.333435
447,gxiong,bli@example.net,18890569659,2026-01-18 16:14:55.53532,web,active,3,f,2026-01-18 16:14:55.53532,2026-01-25 02:16:11.333435,2026-01-25 02:16:11.333435
448,tianguiying,minwan@example.net,13352945637,2026-01-20 18:23:53.53532,organic,active,2,f,2026-01-23 20:32:27.53532,2026-01-25 02:16:11.333435,2026-01-25 02:16:11.333435
449,xiajuan,lei04@example.net,15939191954,2025-12-08 23:48:07.53532,referral,inactive,1,f,2025-12-23 03:00:02.53532,2026-01-25 02:16:11.333435,2026-01-25 02:16:11.333435
450,mingding,wei46@example.net,13153664987,2026-01-16 12:11:35.53532,app_store,active,2,f,2026-01-21 10:23:45.53532,2026-01-25 02:16:11.333435,2026-01-25 02:16:11.333435
451,yinyan,xiulanwan@example.org,15674896908,2025-11-13 17:03:56.53532,ad_campaign,inactive,4,t,2025-11-13 17:03:56.53532,2026-01-25 02:16:11.333435,2026-01-25 02:16:11.333435
452,pgong,yongliu@example.com,18251364424,2025-11-29 21:13:08.53532,web,active,2,f,2026-01-19 06:20:55.53532,2026-01-25 02:16:11.333435,2026-01-25 02:16:11.333435
453,nakang,gujuan@example.org,15047786603,2025-12-16 04:05:37.53532,ad_campaign,active,2,f,2025-12-30 05:32:40.53532,2026-01-25 02:16:11.333435,2026-01-25 02:16:11.333435
454,chaolei,yong82@example.net,18007001594,2026-01-23 04:34:38.53532,google_play,active,3,f,2026-01-23 04:34:38.53532,2026-01-25 02:16:11.333435,2026-01-25 02:16:11.333435
455,qpan,qinjie@example.org,13798189847,2025-11-12 23:30:44.53532,wechat_mini,active,3,t,2025-11-24 15:20:37.53532,2026-01-25 02:16:11.333435,2026-01-25 02:16:11.333435
456,lumin,bkang@example.org,13812347649,2025-10-27 19:02:34.53532,google_play,active,1,f,2025-10-27 19:02:34.53532,2026-01-25 02:16:11.333435,2026-01-25 02:16:11.333435
457,yan15,rtang@example.org,15125754090,2025-11-19 12:18:47.53532,referral,active,2,f,2025-12-30 01:42:44.53532,2026-01-25 02:16:11.333435,2026-01-25 02:16:11.333435
458,zhouyong,leixiao@example.com,15251837606,2026-01-04 23:19:41.53532,app_store,active,2,f,2026-01-23 04:03:26.53532,2026-01-25 02:16:11.333435,2026-01-25 02:16:11.333435
459,li13,juan27@example.net,15760417765,2026-01-05 07:03:27.53532,organic,suspended,1,f,2026-01-23 04:24:50.53532,2026-01-25 02:16:11.333435,2026-01-25 02:16:11.333435
460,kduan,wei15@example.com,14585700272,2025-12-27 09:58:53.53532,organic,active,2,f,2026-01-11 22:11:18.53532,2026-01-25 02:16:11.333435,2026-01-25 02:16:11.333435
461,qiujuan,min91@example.org,13938296577,2025-10-28 06:42:01.53532,google_play,active,2,f,2026-01-10 21:39:31.53532,2026-01-25 02:16:11.333435,2026-01-25 02:16:11.333435
462,leihao,li31@example.com,15826693008,2025-12-24 21:21:40.53532,web,active,3,t,2025-12-24 21:21:40.53532,2026-01-25 02:16:11.333435,2026-01-25 02:16:11.333435
463,gangtan,leizhu@example.org,13569694215,2025-11-30 01:20:49.53532,organic,active,1,t,2025-12-23 18:34:48.53532,2026-01-25 02:16:11.333435,2026-01-25 02:16:11.333435
464,wuping,fzheng@example.org,15033447626,2026-01-06 01:51:08.53532,app_store,active,4,f,2026-01-20 05:34:59.53532,2026-01-25 02:16:11.333435,2026-01-25 02:16:11.333435
465,yong36,pinggong@example.org,15243973597,2025-12-25 23:14:39.53532,app_store,active,4,f,2026-01-20 12:19:31.53532,2026-01-25 02:16:11.333435,2026-01-25 02:16:11.333435
466,ugao,nzhong@example.net,15969411800,2025-11-14 12:17:33.53532,ad_campaign,active,2,f,2025-11-14 12:17:33.53532,2026-01-25 02:16:11.333435,2026-01-25 02:16:11.333435
467,taomo,bailei@example.net,14564652809,2025-11-07 13:12:44.53532,wechat_mini,active,1,t,2026-01-20 01:25:55.53532,2026-01-25 02:16:11.333435,2026-01-25 02:16:11.333435
468,weiwan,qiang21@example.com,18586241502,2025-12-02 14:15:01.53532,wechat_mini,suspended,2,f,2025-12-02 14:15:01.53532,2026-01-25 02:16:11.333435,2026-01-25 02:16:11.333435
469,ming64,xiuying48@example.com,18225728703,2025-11-30 09:15:57.53532,huawei_store,inactive,2,f,2025-11-30 12:48:47.53532,2026-01-25 02:16:11.333435,2026-01-25 02:16:11.333435
470,tanglei,yantan@example.com,13770758777,2025-11-07 15:58:42.53532,wechat_mini,active,2,f,2025-11-07 15:58:42.53532,2026-01-25 02:16:11.333435,2026-01-25 02:16:11.333435
471,gongguiying,gang34@example.org,15328499390,2026-01-02 00:58:57.53532,referral,active,3,f,2026-01-20 20:22:02.53532,2026-01-25 02:16:11.333435,2026-01-25 02:16:11.333435
472,pingding,taozheng@example.org,18150416591,2025-11-17 07:49:54.53532,web,active,1,t,2026-01-09 18:04:34.53532,2026-01-25 02:16:11.333435,2026-01-25 02:16:11.333435
473,chaodong,qzou@example.com,18749050975,2025-11-22 22:40:47.53532,web,inactive,2,f,2025-12-15 10:27:42.53532,2026-01-25 02:16:11.333435,2026-01-25 02:16:11.333435
474,juancui,min01@example.net,14561642361,2025-11-10 11:16:48.53532,referral,active,1,f,2025-12-22 15:11:34.53532,2026-01-25 02:16:11.333435,2026-01-25 02:16:11.333435
475,huangjing,sqiu@example.net,14521476492,2026-01-16 03:54:07.53532,ad_campaign,deleted,1,f,2026-01-23 05:28:11.53532,2026-01-25 02:16:11.333435,2026-01-25 02:16:11.333435
476,pengwei,taosu@example.com,18849961659,2025-12-12 03:20:29.53532,web,active,1,f,2025-12-17 00:19:03.53532,2026-01-25 02:16:11.333435,2026-01-25 02:16:11.333435
477,cdu,qiang32@example.com,13081476174,2026-01-18 06:01:07.53532,app_store,active,3,f,2026-01-21 16:38:15.53532,2026-01-25 02:16:11.333435,2026-01-25 02:16:11.333435
478,yongliu,weishen@example.com,13208108186,2025-12-30 18:49:11.53532,app_store,active,2,f,2026-01-08 08:40:18.53532,2026-01-25 02:16:11.333435,2026-01-25 02:16:11.333435
479,dduan,ming49@example.org,14580172260,2025-12-11 14:55:40.53532,huawei_store,active,3,f,2026-01-20 04:55:45.53532,2026-01-25 02:16:11.333435,2026-01-25 02:16:11.333435
480,min97,zyi@example.com,15723219416,2026-01-09 14:17:46.53532,organic,active,1,f,2026-01-13 14:06:27.53532,2026-01-25 02:16:11.333435,2026-01-25 02:16:11.333435
481,qinguiying,hanyang@example.com,18769749956,2025-12-23 13:21:04.53532,wechat_mini,inactive,3,t,2026-01-04 13:42:08.53532,2026-01-25 02:16:11.333435,2026-01-25 02:16:11.333435
482,fujie,houguiying@example.org,18530372368,2025-12-09 22:45:56.53532,referral,active,2,t,2025-12-10 02:34:06.53532,2026-01-25 02:16:11.333435,2026-01-25 02:16:11.333435
483,qiang27,hcao@example.org,18127770793,2025-11-03 16:07:47.53532,ad_campaign,active,5,f,2025-12-31 22:03:21.53532,2026-01-25 02:16:11.333435,2026-01-25 02:16:11.333435
484,vcui,fanyang@example.net,18267998407,2025-11-10 20:25:07.53532,app_store,active,4,f,2025-11-12 02:41:30.53532,2026-01-25 02:16:11.333435,2026-01-25 02:16:11.333435
485,tjin,wuchao@example.com,13258146717,2026-01-07 02:10:59.53532,web,inactive,2,f,2026-01-22 01:33:04.53532,2026-01-25 02:16:11.333435,2026-01-25 02:16:11.333435
486,bzhu,guoli@example.net,14775738395,2025-12-01 03:00:37.53532,google_play,active,5,f,2026-01-02 22:19:21.53532,2026-01-25 02:16:11.333435,2026-01-25 02:16:11.333435
487,sfu,rshao@example.net,18657293417,2025-12-18 16:41:36.53532,google_play,inactive,3,t,2026-01-05 13:24:51.53532,2026-01-25 02:16:11.333435,2026-01-25 02:16:11.333435
488,jingyao,yduan@example.com,18843380054,2025-12-24 19:55:56.53532,wechat_mini,active,3,f,2026-01-19 07:58:35.53532,2026-01-25 02:16:11.333435,2026-01-25 02:16:11.333435
489,yong22,dengmin@example.com,13793183745,2025-12-25 13:47:29.53532,ad_campaign,active,5,f,2026-01-15 07:05:47.53532,2026-01-25 02:16:11.333435,2026-01-25 02:16:11.333435
490,jie89,zoufang@example.com,13371199180,2025-12-20 02:19:37.53532,referral,active,5,f,2026-01-04 01:53:27.53532,2026-01-25 02:16:11.333435,2026-01-25 02:16:11.333435
491,yangfeng,mingguo@example.net,15278712552,2025-11-05 23:35:56.53532,google_play,active,2,f,2026-01-03 20:50:25.53532,2026-01-25 02:16:11.333435,2026-01-25 02:16:11.333435
492,qiangshao,kongtao@example.com,15282145653,2025-12-06 04:32:24.53532,web,inactive,2,f,2025-12-24 09:19:34.53532,2026-01-25 02:16:11.333435,2026-01-25 02:16:11.333435
493,weishao,jieshen@example.com,18967850720,2025-12-19 23:52:27.53532,referral,active,1,f,2026-01-03 04:23:43.53532,2026-01-25 02:16:11.333435,2026-01-25 02:16:11.333435
494,dongmin,na26@example.org,15902908466,2025-11-28 19:10:11.53532,huawei_store,active,2,f,2026-01-24 16:46:55.53532,2026-01-25 02:16:11.333435,2026-01-25 02:16:11.333435
495,min50,wei92@example.net,15973899756,2025-11-01 16:09:53.53532,web,inactive,1,f,2025-11-01 16:09:53.53532,2026-01-25 02:16:11.333435,2026-01-25 02:16:11.333435
496,gang08,na28@example.net,15231884852,2025-11-22 07:54:22.53532,wechat_mini,inactive,1,f,2025-11-22 07:54:22.53532,2026-01-25 02:16:11.333435,2026-01-25 02:16:11.333435
497,jun46,daiming@example.com,15585101749,2025-11-08 20:49:05.53532,app_store,deleted,1,f,2025-11-08 20:49:05.53532,2026-01-25 02:16:11.333435,2026-01-25 02:16:11.333435
498,xiulanxiong,mingliu@example.com,15692683158,2026-01-21 18:15:34.53532,web,inactive,3,t,2026-01-23 13:28:29.53532,2026-01-25 02:16:11.333435,2026-01-25 02:16:11.333435
499,qiang12,fren@example.org,13562737158,2025-12-05 19:58:56.53532,ad_campaign,active,2,t,2025-12-06 17:57:10.53532,2026-01-25 02:16:11.333435,2026-01-25 02:16:11.333435
500,llei,byu@example.com,18576228277,2026-01-11 15:26:43.53532,google_play,active,1,f,2026-01-16 20:39:40.53532,2026-01-25 02:16:11.333435,2026-01-25 02:16:11.333435
