user_id,segment_id,entered_at,exited_at
222,1,2025-12-24 19:25:50.53532,
319,1,2025-11-20 07:13:27.53532,
31,1,2026-01-13 14:19:20.53532,
123,1,2026-01-23 04:14:22.53532,
62,1,2025-12-11 05:22:00.53532,
35,1,2025-12-15 04:32:37.53532,
213,1,2026-01-05 21:50:50.53532,
197,1,2026-01-10 00:45:56.53532,
300,1,2025-12-13 01:23:04.53532,
376,1,2025-12-08 17:53:13.53532,
130,1,2026-01-21 01:56:54.53532,
114,1,2026-01-23 11:23:36.53532,
287,1,2025-12-05 17:24:31.53532,
100,1,2026-01-09 16:23:46.53532,
324,1,2026-01-20 09:45:42.53532,
229,1,2026-01-12 09:23:41.53532,
375,1,2026-01-18 10:23:51.53532,
112,1,2025-12-14 23:47:33.53532,
239,1,2026-01-20 03:34:51.53532,
97,1,2025-12-28 15:32:52.53532,
428,1,2025-11-22 22:36:29.53532,
294,1,2026-01-12 00:52:45.53532,
127,1,2026-01-14 23:54:01.53532,
389,1,2026-01-18 10:00:09.53532,
363,1,2026-01-19 15:39:00.53532,
95,1,2025-12-23 20:12:19.53532,
76,1,2026-01-24 22:27:56.53532,
476,1,2026-01-16 13:16:58.53532,
397,1,2026-01-18 02:22:20.53532,
214,1,2025-11-30 15:22:03.53532,
360,1,2025-12-27 11:15:00.53532,
403,1,2025-12-17 03:17:58.53532,
299,1,2026-01-18 12:00:17.53532,
235,1,2026-01-07 19:07:19.53532,
159,1,2026-01-17 20:56:26.53532,
478,1,2026-01-11 07:51:16.53532,
200,1,2025-12-28 20:31:06.53532,
336,1,2026-01-06 15:55:24.53532,
43,1,2026-01-20 06:57:09.53532,
175,1,2025-10-30 12:12:03.53532,
481,1,2026-01-24 03:43:20.53532,
146,1,2026-01-20 12:47:21.53532,
173,1,2025-11-16 20:48:27.53532,
46,1,2026-01-04 19:58:14.53532,
359,1,2026-01-21 02:00:53.53532,
482,1,2025-12-23 04:31:06.53532,
290,1,2026-01-20 06:57:55.53532,
163,1,2026-01-17 05:23:34.53532,
30,1,2026-01-14 21:40:11.53532,
93,1,2026-01-23 01:52:36.53532,
195,1,2026-01-09 21:29:00.53532,
450,1,2026-01-16 19:29:10.53532,
134,1,2026-01-23 03:10:43.53532,
281,1,2026-01-06 19:02:32.53532,
223,1,2026-01-07 03:25:00.53532,
496,1,2025-12-10 16:16:09.53532,
237,1,2025-12-02 19:55:54.53532,
110,1,2025-12-26 02:02:33.53532,
498,1,2026-01-24 16:05:33.53532,
181,1,2025-11-29 14:40:08.53532,
442,1,2025-11-13 12:03:07.53532,
347,1,2026-01-01 09:07:10.53532,
82,1,2026-01-23 20:50:05.53532,
400,1,2026-01-03 07:03:20.53532,
448,1,2026-01-23 13:09:49.53532,
34,1,2025-12-24 23:22:02.53532,
249,1,2025-12-29 17:57:59.53532,
234,1,2025-12-14 10:22:35.53532,
495,1,2025-12-03 21:18:28.53532,
178,1,2026-01-08 08:31:03.53532,
20,1,2025-11-22 03:54:59.53532,
7,1,2026-01-18 06:47:05.53532,
143,1,2025-12-22 15:45:50.53532,
386,1,2025-12-19 22:14:47.53532,
201,1,2025-11-16 01:05:56.53532,
224,1,2026-01-24 20:17:47.53532,
286,1,2026-01-22 17:37:21.53532,
423,1,2026-01-23 19:04:20.53532,
245,1,2025-12-27 20:52:25.53532,
369,1,2026-01-09 05:30:17.53532,
439,1,2026-01-22 00:39:56.53532,
422,1,2026-01-12 03:32:14.53532,
381,1,2026-01-15 19:47:32.53532,
444,1,2025-12-17 09:53:05.53532,
125,1,2025-11-28 06:57:13.53532,
325,1,2026-01-04 02:02:36.53532,
39,1,2026-01-21 03:59:49.53532,
109,1,2026-01-15 21:15:13.53532,
298,1,2026-01-12 13:49:20.53532,
258,1,2025-12-23 09:25:27.53532,
63,1,2025-11-10 12:30:57.53532,
326,1,2025-12-20 13:19:46.53532,
295,1,2025-12-18 17:03:52.53532,
329,1,2026-01-11 18:10:34.53532,
144,1,2026-01-19 03:58:18.53532,
339,1,2026-01-15 07:54:18.53532,
215,1,2025-12-04 18:14:36.53532,
119,1,2025-11-18 14:00:58.53532,
271,1,2026-01-16 00:30:59.53532,
330,1,2025-12-16 14:08:19.53532,
167,1,2025-12-07 09:54:26.53532,
232,1,2026-01-01 20:53:35.53532,
322,1,2025-12-29 22:26:30.53532,
153,1,2026-01-16 03:16:27.53532,
466,1,2026-01-11 18:52:34.53532,
209,1,2025-11-29 09:21:06.53532,
490,1,2025-12-24 04:57:05.53532,
268,1,2025-11-17 19:50:01.53532,
50,1,2026-01-04 19:53:58.53532,
90,1,2026-01-01 10:23:56.53532,
160,1,2025-12-15 02:33:41.53532,
360,2,2025-12-31 15:49:45.53532,
288,2,2026-01-14 17:30:59.53532,
213,2,2026-01-07 18:58:57.53532,
192,2,2026-01-16 09:46:28.53532,
29,2,2025-12-06 15:26:16.53532,
462,2,2026-01-17 14:04:53.53532,
219,2,2026-01-13 11:03:35.53532,
188,2,2026-01-22 13:13:19.53532,
77,2,2026-01-11 22:56:57.53532,
19,2,2026-01-14 10:25:08.53532,
121,2,2026-01-24 16:10:42.53532,
359,2,2026-01-21 05:36:16.53532,
285,2,2026-01-24 19:04:47.53532,
260,2,2026-01-24 17:13:15.53532,
299,2,2026-01-11 03:48:28.53532,
225,2,2025-12-28 16:35:39.53532,
337,2,2026-01-24 20:52:52.53532,
67,2,2026-01-21 02:13:43.53532,
464,2,2026-01-16 02:56:58.53532,
65,2,2026-01-12 12:45:33.53532,
193,2,2025-12-15 13:06:39.53532,
36,2,2026-01-23 07:54:05.53532,
258,2,2025-12-18 05:34:07.53532,
310,2,2026-01-03 04:37:13.53532,
350,2,2026-01-08 02:15:17.53532,
316,2,2026-01-24 01:19:54.53532,
94,2,2025-12-15 08:58:13.53532,
352,2,2026-01-22 17:14:38.53532,
484,2,2025-12-21 20:18:40.53532,
386,2,2026-01-20 19:19:45.53532,
78,2,2025-12-10 18:10:53.53532,
397,2,2026-01-15 11:15:59.53532,
456,2,2025-12-29 19:36:35.53532,
133,2,2025-11-28 02:31:25.53532,
51,2,2026-01-06 13:28:23.53532,
261,2,2026-01-02 13:15:17.53532,
303,2,2026-01-22 11:45:44.53532,
400,2,2026-01-02 14:29:38.53532,
132,2,2026-01-18 00:47:29.53532,
439,2,2026-01-16 04:06:54.53532,
421,2,2026-01-13 13:17:25.53532,
157,2,2026-01-23 09:37:26.53532,
87,2,2026-01-06 23:04:36.53532,
362,2,2025-12-28 10:49:51.53532,
72,2,2026-01-06 16:16:47.53532,
270,2,2026-01-17 11:14:35.53532,
47,2,2025-11-28 11:36:19.53532,
351,2,2026-01-16 13:08:59.53532,
345,2,2026-01-22 01:21:50.53532,
448,2,2026-01-24 08:00:09.53532,
381,2,2026-01-19 21:49:46.53532,
71,2,2026-01-19 17:02:51.53532,
15,2,2026-01-06 12:48:00.53532,
95,2,2025-12-11 16:23:30.53532,
486,2,2025-12-04 20:26:47.53532,
249,2,2025-12-17 14:02:47.53532,
103,2,2026-01-19 12:28:45.53532,
346,2,2025-12-06 09:46:15.53532,
467,2,2025-11-14 12:08:46.53532,
358,2,2025-12-31 15:12:49.53532,
85,2,2025-12-15 00:13:41.53532,
130,2,2025-12-18 15:18:06.53532,
211,2,2025-12-23 19:30:02.53532,
413,2,2025-11-28 15:27:20.53532,
116,2,2026-01-11 10:11:10.53532,
35,2,2025-11-27 20:29:57.53532,
399,2,2026-01-19 09:04:25.53532,
361,2,2025-11-25 12:25:43.53532,
240,2,2025-12-08 18:17:11.53532,
236,2,2026-01-23 07:38:13.53532,
197,2,2025-12-28 03:45:27.53532,
201,2,2025-11-19 05:51:09.53532,
41,2,2026-01-23 15:26:22.53532,
408,2,2026-01-05 00:18:01.53532,
28,2,2026-01-12 20:17:12.53532,
189,2,2026-01-21 23:17:33.53532,
283,2,2026-01-12 15:21:14.53532,
237,2,2026-01-04 03:42:07.53532,
7,2,2026-01-20 02:37:28.53532,
490,2,2025-12-21 20:36:29.53532,
342,2,2025-11-19 21:23:22.53532,
411,2,2026-01-22 12:28:48.53532,
374,2,2025-12-25 04:33:49.53532,
180,2,2026-01-02 22:39:55.53532,
90,2,2026-01-11 00:50:15.53532,
247,2,2025-12-07 04:16:44.53532,
275,2,2026-01-24 09:16:38.53532,
344,2,2026-01-09 00:43:56.53532,
475,2,2026-01-19 23:32:14.53532,
143,2,2025-12-15 14:33:09.53532,
396,2,2026-01-18 04:15:45.53532,
394,2,2025-12-27 15:55:37.53532,
444,2,2025-12-13 15:47:05.53532,
324,2,2025-12-30 16:35:23.53532,
4,2,2025-12-25 19:53:00.53532,
284,2,2025-12-23 12:15:49.53532,
395,2,2026-01-13 01:38:27.53532,
290,2,2026-01-11 12:38:58.53532,
301,2,2026-01-19 19:07:00.53532,
458,2,2026-01-07 12:24:45.53532,
499,2,2025-12-24 00:59:39.53532,
388,2,2026-01-06 07:35:51.53532,
113,2,2026-01-14 21:10:28.53532,
16,2,2026-01-08 14:10:55.53532,
423,2,2026-01-23 19:03:11.53532,
242,2,2026-01-14 22:15:30.53532,
32,2,2026-01-08 05:11:59.53532,
210,2,2026-01-22 03:32:29.53532,
243,2,2026-01-01 09:15:23.53532,
266,2,2025-12-22 17:10:17.53532,
114,2,2026-01-20 15:05:08.53532,
44,2,2026-01-04 13:40:50.53532,
24,2,2025-12-21 11:05:58.53532,
294,2,2025-12-01 09:30:42.53532,
459,2,2026-01-10 14:36:44.53532,
196,2,2025-12-25 10:19:09.53532,
182,2,2025-12-12 09:12:09.53532,
289,2,2026-01-23 21:43:04.53532,
6,2,2025-12-27 02:23:39.53532,
208,2,2026-01-14 04:21:43.53532,
31,2,2025-12-20 21:57:13.53532,
280,2,2025-11-20 00:24:26.53532,
235,2,2026-01-01 01:06:50.53532,
147,2,2025-12-12 00:30:39.53532,
308,2,2026-01-04 02:14:34.53532,
177,2,2026-01-19 08:10:49.53532,
246,2,2025-11-27 02:22:13.53532,
441,2,2026-01-17 12:41:20.53532,
465,2,2026-01-01 05:17:19.53532,
315,2,2026-01-23 00:27:47.53532,
79,2,2026-01-10 16:36:34.53532,
262,2,2026-01-09 00:06:13.53532,
387,2,2026-01-18 00:30:31.53532,
426,2,2025-12-27 01:38:28.53532,
22,2,2025-12-21 18:50:41.53532,
455,2,2026-01-07 07:56:33.53532,
131,2,2026-01-07 10:32:48.53532,
446,2,2025-12-05 22:08:24.53532,
136,2,2026-01-11 04:06:25.53532,
434,2,2026-01-05 23:13:51.53532,
209,2,2025-12-05 06:15:52.53532,
300,2,2025-12-21 22:45:18.53532,
415,2,2026-01-22 17:54:20.53532,
319,3,2025-11-06 04:26:08.53532,
342,3,2026-01-07 01:41:58.53532,
139,3,2026-01-08 03:38:03.53532,
77,3,2025-12-18 22:09:07.53532,
54,3,2025-11-14 15:10:35.53532,
174,3,2026-01-20 05:37:54.53532,
266,3,2026-01-18 20:12:56.53532,
281,3,2025-12-29 10:09:46.53532,
206,3,2026-01-22 03:08:31.53532,
231,3,2026-01-07 04:34:54.53532,
209,3,2025-12-31 03:17:02.53532,
67,3,2026-01-24 13:09:45.53532,
419,3,2026-01-11 18:51:49.53532,
454,3,2026-01-24 08:49:24.53532,
416,3,2025-12-09 08:09:02.53532,
118,3,2026-01-11 15:35:56.53532,
110,3,2026-01-18 23:36:42.53532,
20,3,2025-12-24 03:45:29.53532,
490,3,2026-01-12 01:38:18.53532,
336,3,2025-12-26 06:14:13.53532,
208,3,2026-01-02 19:53:17.53532,
176,3,2026-01-20 03:14:09.53532,
157,3,2026-01-24 22:19:08.53532,
322,3,2026-01-21 08:51:10.53532,
480,3,2026-01-19 07:36:15.53532,
117,3,2026-01-13 06:00:13.53532,
144,3,2025-11-21 06:41:18.53532,
32,3,2025-12-16 21:16:59.53532,
488,3,2026-01-18 07:41:24.53532,
265,3,2025-12-25 09:49:19.53532,
251,3,2026-01-21 13:20:31.53532,
341,3,2026-01-09 23:36:34.53532,
478,3,2025-12-31 05:44:40.53532,
334,3,2026-01-16 10:21:08.53532,
320,3,2026-01-19 04:48:53.53532,
411,3,2026-01-06 11:26:44.53532,
114,3,2026-01-22 11:19:48.53532,
222,3,2026-01-09 13:22:08.53532,
274,3,2026-01-05 18:27:12.53532,
11,3,2025-12-31 03:13:23.53532,
483,3,2025-12-19 00:16:38.53532,
74,3,2025-11-09 07:53:20.53532,
225,3,2026-01-06 23:54:12.53532,
448,3,2026-01-24 17:39:40.53532,
80,3,2025-12-18 16:44:16.53532,
161,3,2026-01-14 19:14:57.53532,
134,3,2025-12-06 13:26:21.53532,
269,3,2026-01-15 16:11:41.53532,
156,3,2026-01-19 20:25:27.53532,
172,3,2026-01-07 14:34:05.53532,
26,3,2026-01-06 08:24:03.53532,
88,3,2026-01-06 11:22:55.53532,
354,3,2025-12-05 05:19:10.53532,
344,3,2025-11-26 05:28:29.53532,
39,3,2026-01-22 05:00:39.53532,
256,3,2025-12-23 17:29:24.53532,
451,3,2026-01-04 04:15:30.53532,
63,3,2025-11-05 08:18:18.53532,
127,3,2026-01-02 17:57:34.53532,
216,3,2025-11-28 01:15:02.53532,
323,3,2025-12-05 22:13:31.53532,
492,3,2025-12-15 20:17:40.53532,
383,3,2026-01-23 19:46:24.53532,
181,3,2026-01-02 00:15:04.53532,
387,3,2026-01-22 15:02:37.53532,
239,3,2026-01-23 23:32:52.53532,
435,3,2025-12-20 01:06:39.53532,
41,3,2026-01-13 19:37:06.53532,
240,3,2026-01-15 11:37:17.53532,
304,3,2026-01-08 18:06:11.53532,
148,3,2026-01-07 05:26:47.53532,
311,3,2025-12-02 21:15:51.53532,
50,3,2026-01-24 21:30:14.53532,
425,3,2026-01-17 02:02:29.53532,
355,3,2025-12-12 14:56:51.53532,
103,3,2026-01-18 07:13:37.53532,
302,3,2026-01-11 00:34:13.53532,
498,3,2026-01-23 01:55:41.53532,
130,3,2026-01-05 02:51:18.53532,
430,3,2026-01-24 21:35:56.53532,
132,3,2026-01-14 09:45:25.53532,
340,3,2025-11-21 04:04:45.53532,
427,3,2026-01-07 04:13:54.53532,
1,3,2026-01-11 22:59:47.53532,
211,3,2025-12-21 13:22:32.53532,
64,3,2026-01-19 11:36:13.53532,
278,3,2026-01-02 19:50:04.53532,
120,3,2025-12-12 05:02:52.53532,
262,3,2025-12-23 03:42:34.53532,
376,3,2025-11-18 04:57:23.53532,
92,3,2026-01-17 19:02:49.53532,
18,3,2026-01-24 07:35:41.53532,
38,3,2026-01-15 05:32:57.53532,
458,3,2026-01-22 11:18:56.53532,
13,3,2026-01-23 04:17:32.53532,
213,3,2026-01-02 17:20:00.53532,
325,3,2025-12-03 05:31:34.53532,
247,3,2026-01-20 13:45:56.53532,
33,3,2026-01-22 15:11:01.53532,
420,3,2025-12-28 02:14:38.53532,
96,3,2025-12-22 08:28:55.53532,
85,3,2025-12-25 05:36:38.53532,
200,3,2025-12-20 04:41:28.53532,
291,3,2025-11-23 11:45:36.53532,
476,3,2025-12-22 09:12:13.53532,
298,3,2025-12-25 11:59:23.53532,
178,3,2026-01-04 13:56:15.53532,
460,3,2025-12-31 01:52:55.53532,
263,3,2026-01-13 22:45:52.53532,
207,3,2026-01-03 13:06:08.53532,
173,3,2026-01-22 11:31:50.53532,
193,3,2025-12-23 03:30:18.53532,
73,3,2026-01-23 21:16:16.53532,
486,3,2025-12-02 19:29:13.53532,
169,3,2026-01-23 04:37:17.53532,
337,3,2026-01-24 20:48:53.53532,
126,3,2026-01-19 10:22:57.53532,
406,3,2026-01-09 08:36:30.53532,
343,3,2025-11-19 20:17:31.53532,
487,3,2025-12-26 12:16:37.53532,
91,3,2026-01-18 21:09:01.53532,
86,3,2026-01-19 06:21:38.53532,
450,3,2026-01-21 07:19:41.53532,
195,3,2025-12-27 00:10:27.53532,
149,3,2026-01-20 21:50:46.53532,
182,3,2026-01-10 12:49:22.53532,
500,3,2026-01-20 15:01:25.53532,
75,3,2026-01-14 01:46:06.53532,
495,3,2025-11-08 16:53:12.53532,
224,3,2026-01-24 21:23:13.53532,
375,3,2025-12-23 07:33:51.53532,
93,3,2026-01-21 14:02:32.53532,
214,3,2025-12-29 18:10:59.53532,
163,3,2025-11-11 23:12:40.53532,
219,3,2026-01-13 06:23:05.53532,
113,3,2026-01-16 05:51:10.53532,
397,3,2025-12-11 02:23:25.53532,
19,3,2025-12-08 05:42:27.53532,
371,3,2026-01-17 09:12:38.53532,
258,3,2026-01-18 08:00:29.53532,
217,3,2026-01-08 02:21:40.53532,
221,3,2026-01-14 00:40:53.53532,
395,3,2025-12-11 16:19:41.53532,
423,3,2026-01-24 14:26:34.53532,
141,3,2026-01-21 12:38:08.53532,
106,3,2026-01-23 22:39:24.53532,
24,3,2025-11-16 23:51:52.53532,
87,3,2026-01-13 00:49:45.53532,
179,3,2025-12-11 23:31:34.53532,
43,3,2026-01-19 13:40:57.53532,
299,3,2026-01-15 12:09:40.53532,
108,3,2025-12-20 20:55:37.53532,
84,3,2025-12-07 14:09:25.53532,
72,3,2026-01-16 11:55:51.53532,
369,3,2026-01-07 15:33:44.53532,
135,3,2026-01-21 03:36:47.53532,
151,3,2026-01-16 23:55:08.53532,
16,3,2026-01-03 18:24:51.53532,
440,3,2025-12-21 01:29:42.53532,
485,3,2026-01-15 03:26:39.53532,
391,3,2025-12-29 07:56:31.53532,
76,3,2026-01-22 19:11:26.53532,
472,3,2025-12-08 13:06:10.53532,
333,3,2026-01-11 16:34:36.53532,
228,3,2026-01-07 02:08:24.53532,
367,3,2026-01-09 08:38:45.53532,
331,3,2026-01-15 07:37:06.53532,
177,3,2026-01-09 16:23:24.53532,
121,3,2026-01-01 02:04:38.53532,
432,3,2025-12-15 14:26:26.53532,
329,3,2026-01-16 02:36:38.53532,
242,3,2026-01-15 10:29:18.53532,
275,3,2026-01-15 23:58:30.53532,
198,3,2025-12-26 22:25:58.53532,
226,3,2026-01-24 20:29:23.53532,
220,3,2025-12-31 15:59:00.53532,
378,3,2025-12-02 07:25:06.53532,
97,3,2026-01-12 17:34:00.53532,
105,3,2025-12-27 21:39:33.53532,
12,3,2025-11-20 15:45:06.53532,
438,3,2026-01-23 12:42:22.53532,
65,4,2025-12-20 18:39:00.53532,
137,4,2026-01-23 20:15:10.53532,
232,4,2025-12-28 03:30:21.53532,
88,4,2025-12-29 13:04:32.53532,
45,4,2025-12-11 05:38:45.53532,
109,4,2025-11-14 16:08:57.53532,
322,4,2026-01-20 05:37:01.53532,
451,4,2026-01-10 08:43:43.53532,
105,4,2026-01-04 15:49:54.53532,
441,4,2026-01-18 14:06:53.53532,
299,4,2026-01-18 03:04:56.53532,
72,4,2025-12-29 19:32:31.53532,
235,4,2026-01-15 18:13:34.53532,
313,4,2026-01-16 01:00:57.53532,
389,4,2026-01-05 00:29:20.53532,
454,4,2026-01-24 00:48:44.53532,
271,4,2026-01-23 06:17:39.53532,
206,4,2026-01-22 02:47:14.53532,
303,4,2025-12-27 04:22:26.53532,
425,4,2026-01-11 07:09:24.53532,
491,4,2026-01-10 04:20:19.53532,
375,4,2026-01-03 22:24:08.53532,
136,4,2026-01-08 21:04:32.53532,
361,4,2026-01-21 14:37:35.53532,
342,4,2025-11-18 05:52:01.53532,
482,4,2025-12-18 02:02:43.53532,
493,4,2025-12-25 10:35:36.53532,
167,4,2025-12-09 22:27:24.53532,
338,4,2026-01-16 05:00:31.53532,
32,4,2026-01-04 07:14:48.53532,
161,4,2026-01-23 14:05:46.53532,
190,4,2026-01-22 07:10:16.53532,
42,4,2026-01-12 08:57:57.53532,
66,4,2026-01-18 19:19:13.53532,
43,4,2026-01-20 06:05:29.53532,
172,4,2026-01-18 02:38:18.53532,
244,4,2026-01-14 08:37:21.53532,
263,4,2026-01-05 09:47:51.53532,
37,4,2026-01-15 04:39:14.53532,
327,4,2026-01-11 01:30:16.53532,
222,4,2026-01-16 00:25:52.53532,
158,4,2025-12-24 19:46:33.53532,
414,4,2025-12-31 04:39:31.53532,
38,4,2025-12-27 05:26:50.53532,
154,4,2025-12-15 07:41:05.53532,
112,4,2026-01-21 03:03:08.53532,
173,4,2025-12-13 03:25:55.53532,
395,4,2026-01-01 08:10:35.53532,
245,4,2025-12-22 23:44:48.53532,
19,4,2026-01-11 11:57:51.53532,
463,4,2025-12-06 08:06:36.53532,
310,4,2026-01-04 23:19:05.53532,
49,4,2026-01-21 15:07:17.53532,
39,4,2025-12-01 06:32:06.53532,
142,4,2026-01-12 23:08:37.53532,
114,4,2026-01-19 11:47:56.53532,
169,4,2025-12-29 16:18:49.53532,
131,4,2026-01-06 07:02:54.53532,
351,4,2026-01-16 19:28:11.53532,
430,4,2026-01-24 09:05:47.53532,
217,4,2026-01-07 20:39:27.53532,
346,4,2026-01-08 16:54:48.53532,
323,4,2025-11-20 20:42:52.53532,
471,4,2026-01-02 04:00:45.53532,
254,4,2026-01-21 13:06:24.53532,
391,4,2026-01-05 07:22:50.53532,
486,4,2026-01-16 08:36:26.53532,
319,4,2026-01-06 16:58:38.53532,
497,4,2025-12-06 13:43:28.53532,
449,4,2025-12-29 05:30:14.53532,
26,4,2025-12-28 04:35:16.53532,
230,4,2025-11-08 07:10:49.53532,
63,4,2025-12-10 12:33:59.53532,
108,4,2025-12-18 19:31:58.53532,
399,4,2026-01-04 06:51:10.53532,
156,4,2026-01-21 16:18:34.53532,
139,4,2025-11-15 08:47:02.53532,
69,4,2026-01-17 15:24:38.53532,
22,4,2025-12-05 16:26:17.53532,
224,4,2026-01-24 19:14:57.53532,
364,4,2026-01-12 23:22:47.53532,
427,4,2026-01-07 15:08:27.53532,
80,4,2025-12-22 23:57:03.53532,
286,4,2026-01-21 06:13:52.53532,
314,4,2026-01-23 09:39:25.53532,
192,4,2026-01-04 01:29:10.53532,
155,4,2026-01-14 09:15:51.53532,
171,4,2025-12-29 10:50:20.53532,
95,4,2025-12-14 05:04:13.53532,
394,4,2026-01-22 03:36:44.53532,
495,4,2025-11-22 06:13:33.53532,
104,4,2026-01-13 20:41:06.53532,
241,4,2026-01-06 11:14:26.53532,
198,4,2026-01-09 11:37:03.53532,
367,4,2026-01-06 20:22:20.53532,
265,4,2026-01-03 01:17:05.53532,
376,4,2025-12-26 22:48:46.53532,
71,4,2026-01-24 16:24:10.53532,
30,4,2026-01-20 09:44:10.53532,
332,4,2026-01-08 11:34:43.53532,
282,4,2025-10-28 19:42:28.53532,
304,4,2025-12-30 08:53:42.53532,
273,4,2026-01-15 11:27:43.53532,
305,4,2026-01-22 12:50:53.53532,
287,4,2025-11-22 09:00:24.53532,
127,4,2026-01-13 12:30:37.53532,
180,4,2026-01-19 15:25:30.53532,
36,4,2025-12-29 16:54:50.53532,
324,4,2026-01-22 20:58:52.53532,
60,4,2025-11-17 10:05:28.53532,
143,4,2026-01-05 10:25:04.53532,
160,4,2026-01-22 08:38:17.53532,
188,4,2026-01-18 19:14:06.53532,
359,4,2026-01-21 16:43:19.53532,
360,4,2025-12-20 02:19:40.53532,
91,4,2026-01-15 07:56:49.53532,
293,4,2026-01-21 16:24:41.53532,
350,4,2026-01-12 02:59:27.53532,
14,4,2026-01-20 18:00:55.53532,
12,4,2026-01-10 10:18:59.53532,
370,4,2026-01-20 12:23:15.53532,
433,4,2026-01-14 08:55:55.53532,
388,4,2025-12-08 19:32:08.53532,
262,4,2026-01-05 23:29:14.53532,
348,4,2026-01-18 14:18:14.53532,
445,4,2026-01-21 06:08:16.53532,
354,4,2025-11-28 16:05:44.53532,
103,4,2026-01-24 17:13:49.53532,
15,4,2026-01-13 20:06:58.53532,
117,4,2026-01-09 20:28:28.53532,
294,4,2026-01-15 05:35:32.53532,
378,4,2025-11-29 21:56:43.53532,
41,4,2025-11-14 00:21:44.53532,
128,4,2025-12-22 04:23:05.53532,
90,4,2025-12-25 07:02:18.53532,
23,4,2026-01-18 20:14:40.53532,
163,4,2025-11-11 06:09:52.53532,
292,4,2026-01-18 08:34:05.53532,
403,4,2025-11-04 21:36:53.53532,
80,5,2026-01-12 03:45:31.53532,
278,5,2026-01-24 13:20:01.53532,
151,5,2026-01-02 22:47:14.53532,
432,5,2026-01-22 11:17:01.53532,
81,5,2026-01-13 15:27:05.53532,
138,5,2025-11-03 09:02:00.53532,
140,5,2026-01-22 10:44:53.53532,
259,5,2026-01-13 13:01:13.53532,
108,5,2026-01-06 07:49:34.53532,
99,5,2026-01-15 08:28:54.53532,
314,5,2026-01-15 18:51:01.53532,
308,5,2026-01-06 04:21:33.53532,
335,5,2026-01-19 18:23:02.53532,
95,5,2025-12-16 12:33:02.53532,
332,5,2026-01-04 17:32:51.53532,
211,5,2026-01-01 23:40:33.53532,
428,5,2025-12-18 17:03:03.53532,
31,5,2026-01-12 11:40:50.53532,
418,5,2025-12-20 19:19:16.53532,
390,5,2026-01-12 21:26:57.53532,
471,5,2026-01-21 22:41:15.53532,
196,5,2026-01-21 09:41:27.53532,
219,5,2026-01-20 18:01:52.53532,
378,5,2025-12-06 22:54:46.53532,
82,5,2026-01-23 17:41:25.53532,
2,5,2026-01-03 02:20:10.53532,
479,5,2026-01-22 23:22:53.53532,
173,5,2026-01-06 17:52:41.53532,
208,5,2026-01-22 05:07:06.53532,
30,5,2026-01-04 06:53:31.53532,
63,5,2025-11-12 13:35:10.53532,
104,5,2025-12-26 12:31:47.53532,
500,5,2026-01-21 22:47:33.53532,
121,5,2026-01-11 17:24:58.53532,
132,5,2026-01-02 02:56:08.53532,
444,5,2026-01-19 14:44:52.53532,
88,5,2026-01-20 05:07:50.53532,
230,5,2025-11-30 13:54:19.53532,
337,5,2026-01-24 20:44:39.53532,
56,5,2025-12-03 23:51:10.53532,
357,5,2026-01-20 09:01:01.53532,
463,5,2026-01-21 01:30:45.53532,
324,5,2026-01-10 02:55:30.53532,
382,5,2026-01-22 10:00:10.53532,
14,5,2026-01-17 20:47:00.53532,
79,5,2025-12-06 01:56:12.53532,
260,5,2026-01-24 02:21:09.53532,
322,5,2026-01-08 20:50:40.53532,
435,5,2025-12-21 18:02:36.53532,
244,5,2026-01-23 09:59:38.53532,
328,5,2026-01-15 15:04:36.53532,
234,5,2025-12-26 02:24:37.53532,
120,5,2026-01-11 02:31:07.53532,
202,5,2026-01-15 19:56:39.53532,
376,5,2025-12-17 12:03:28.53532,
147,5,2026-01-08 01:23:31.53532,
231,5,2025-12-24 12:24:26.53532,
60,5,2026-01-24 22:41:46.53532,
443,5,2025-11-25 02:41:13.53532,
384,5,2026-01-24 03:32:27.53532,
347,5,2025-12-30 07:02:40.53532,
249,5,2026-01-11 14:48:53.53532,
341,5,2025-12-12 16:47:55.53532,
214,5,2025-12-30 19:58:30.53532,
168,5,2026-01-23 00:59:10.53532,
291,5,2025-12-20 14:00:04.53532,
24,5,2026-01-14 06:40:29.53532,
28,5,2026-01-20 18:25:32.53532,
229,5,2026-01-14 11:24:29.53532,
366,5,2025-11-18 08:33:38.53532,
321,5,2026-01-13 01:38:08.53532,
246,5,2026-01-04 12:50:45.53532,
470,5,2025-11-28 23:12:45.53532,
198,5,2025-12-26 11:20:09.53532,
199,5,2026-01-18 12:34:40.53532,
111,5,2025-12-18 11:55:45.53532,
421,5,2026-01-15 10:29:02.53532,
397,5,2025-12-09 04:12:09.53532,
44,5,2025-12-14 19:56:33.53532,
217,5,2026-01-15 13:53:39.53532,
98,5,2026-01-12 02:34:40.53532,
358,5,2026-01-16 01:21:06.53532,
35,5,2025-12-20 23:30:40.53532,
499,5,2026-01-22 00:03:48.53532,
475,5,2026-01-21 20:08:43.53532,
320,5,2026-01-09 21:47:31.53532,
109,5,2026-01-16 22:00:28.53532,
342,5,2025-11-27 01:04:31.53532,
367,5,2026-01-11 23:25:26.53532,
436,5,2025-12-06 14:32:12.53532,
277,6,2025-12-03 21:53:21.53532,
69,6,2026-01-18 08:31:56.53532,
225,6,2025-12-22 17:46:13.53532,
354,6,2025-11-26 17:55:41.53532,
147,6,2025-11-30 13:19:06.53532,
337,6,2026-01-24 22:44:37.53532,
284,6,2025-12-21 08:23:16.53532,
374,6,2026-01-06 20:55:40.53532,
156,6,2026-01-22 22:59:27.53532,
465,6,2026-01-05 10:18:16.53532,
342,6,2025-11-30 22:00:05.53532,
91,6,2026-01-21 08:56:20.53532,
254,6,2026-01-24 09:27:16.53532,
256,6,2025-11-20 09:54:16.53532,
125,6,2025-12-22 16:16:26.53532,
235,6,2026-01-04 02:06:33.53532,
328,6,2026-01-13 12:05:23.53532,
426,6,2025-12-21 10:19:26.53532,
160,6,2026-01-11 00:59:00.53532,
205,6,2025-12-23 14:50:19.53532,
428,6,2025-11-30 09:48:43.53532,
32,6,2025-12-22 03:55:25.53532,
54,6,2025-12-02 12:18:34.53532,
178,6,2026-01-09 16:29:43.53532,
252,6,2025-12-26 13:30:09.53532,
299,6,2026-01-23 12:58:09.53532,
87,6,2026-01-23 16:56:14.53532,
257,6,2025-12-18 09:05:17.53532,
172,6,2026-01-24 04:12:17.53532,
461,6,2025-11-22 04:06:58.53532,
28,6,2026-01-07 04:16:38.53532,
158,6,2026-01-06 21:45:45.53532,
353,6,2026-01-13 08:12:41.53532,
166,6,2026-01-11 17:28:54.53532,
14,6,2026-01-18 15:04:56.53532,
187,6,2026-01-09 21:20:12.53532,
454,6,2026-01-24 21:15:45.53532,
232,6,2026-01-03 09:00:13.53532,
42,6,2025-12-31 14:11:18.53532,
143,6,2025-12-13 02:37:46.53532,
105,6,2026-01-14 23:00:18.53532,
369,6,2026-01-06 15:01:35.53532,
315,6,2026-01-23 00:54:12.53532,
31,6,2025-12-21 16:55:54.53532,
432,6,2025-12-06 18:06:48.53532,
352,6,2025-12-21 10:00:15.53532,
157,6,2026-01-21 19:15:31.53532,
239,6,2026-01-22 01:14:09.53532,
74,6,2025-11-22 03:32:08.53532,
327,6,2026-01-11 17:28:50.53532,
421,6,2026-01-10 18:33:06.53532,
209,6,2026-01-08 02:29:55.53532,
215,6,2026-01-07 11:45:35.53532,
52,6,2026-01-24 05:50:39.53532,
188,6,2026-01-18 12:05:26.53532,
140,6,2026-01-17 23:06:01.53532,
170,6,2026-01-23 02:38:05.53532,
360,6,2025-12-21 09:39:47.53532,
448,6,2026-01-23 11:54:22.53532,
402,6,2026-01-01 19:34:57.53532,
36,6,2026-01-05 10:52:45.53532,
458,6,2026-01-11 01:25:30.53532,
33,6,2026-01-20 22:06:02.53532,
103,6,2026-01-24 00:08:41.53532,
177,6,2026-01-12 08:48:43.53532,
273,6,2025-12-10 02:00:36.53532,
387,6,2026-01-24 17:52:17.53532,
265,6,2026-01-19 09:43:32.53532,
204,6,2026-01-21 19:26:23.53532,
95,6,2026-01-15 03:53:20.53532,
237,6,2025-12-12 08:20:35.53532,
405,6,2026-01-10 13:01:23.53532,
81,6,2026-01-16 03:24:28.53532,
195,6,2026-01-20 14:58:03.53532,
260,6,2026-01-24 07:58:12.53532,
186,6,2026-01-19 00:13:09.53532,
138,6,2026-01-08 23:17:12.53532,
200,6,2025-12-08 11:58:27.53532,
308,6,2026-01-03 14:18:27.53532,
24,6,2026-01-08 03:29:45.53532,
493,6,2025-12-25 17:59:34.53532,
407,6,2026-01-07 11:47:52.53532,
390,6,2025-12-25 00:42:49.53532,
59,6,2025-12-14 13:16:31.53532,
463,6,2025-12-15 09:01:47.53532,
68,6,2026-01-18 23:34:54.53532,
62,6,2026-01-19 23:30:17.53532,
245,6,2026-01-20 18:42:56.53532,
240,6,2025-12-27 17:48:48.53532,
415,6,2026-01-23 22:21:28.53532,
473,6,2025-12-19 06:28:12.53532,
456,6,2025-10-31 03:55:56.53532,
15,6,2026-01-13 06:28:21.53532,
109,6,2025-12-30 11:02:12.53532,
301,6,2026-01-19 04:43:08.53532,
137,6,2026-01-09 23:31:43.53532,
484,6,2025-11-27 14:12:23.53532,
389,6,2026-01-02 00:25:43.53532,
65,6,2026-01-07 04:51:16.53532,
207,6,2026-01-02 02:36:46.53532,
279,6,2026-01-05 16:03:00.53532,
438,6,2025-12-22 20:11:40.53532,
167,6,2025-12-23 08:02:40.53532,
208,6,2026-01-16 05:45:27.53532,
350,6,2025-12-25 19:03:41.53532,
425,6,2026-01-11 18:30:35.53532,
380,6,2025-12-01 04:44:31.53532,
282,6,2025-11-02 15:50:55.53532,
487,6,2026-01-08 01:56:42.53532,
383,6,2026-01-16 11:20:59.53532,
284,7,2026-01-09 14:30:45.53532,
233,7,2026-01-19 21:33:47.53532,
76,7,2026-01-21 00:07:16.53532,
347,7,2026-01-12 21:53:22.53532,
296,7,2025-11-28 00:49:09.53532,
7,7,2026-01-24 19:52:58.53532,
140,7,2026-01-18 01:19:22.53532,
384,7,2025-12-31 00:27:30.53532,
255,7,2026-01-21 12:23:16.53532,
246,7,2026-01-14 11:04:50.53532,
184,7,2026-01-22 13:35:16.53532,
41,7,2025-12-29 11:07:50.53532,
460,7,2026-01-15 07:58:30.53532,
113,7,2026-01-15 16:26:11.53532,
484,7,2025-11-15 12:19:12.53532,
406,7,2025-12-21 04:06:51.53532,
208,7,2026-01-10 10:53:22.53532,
266,7,2025-12-30 06:29:42.53532,
64,7,2026-01-22 23:04:03.53532,
236,7,2025-12-10 01:13:58.53532,
348,7,2025-12-31 14:46:15.53532,
303,7,2026-01-12 09:40:01.53532,
12,7,2025-11-26 21:08:06.53532,
168,7,2026-01-14 11:34:28.53532,
413,7,2026-01-06 19:18:03.53532,
390,7,2025-12-29 21:32:22.53532,
331,7,2026-01-18 14:09:41.53532,
153,7,2026-01-16 21:08:37.53532,
230,7,2025-12-17 09:49:42.53532,
321,7,2025-12-25 13:26:39.53532,
337,7,2026-01-24 21:01:47.53532,
80,7,2026-01-20 18:21:48.53532,
281,7,2026-01-12 02:08:39.53532,
172,7,2026-01-10 20:15:30.53532,
483,7,2025-11-14 22:19:51.53532,
260,7,2026-01-24 13:04:34.53532,
110,7,2025-12-20 01:28:29.53532,
16,7,2026-01-16 11:07:27.53532,
305,7,2026-01-19 09:51:56.53532,
248,7,2025-12-27 01:34:01.53532,
3,7,2026-01-06 22:00:21.53532,
332,7,2026-01-01 11:42:26.53532,
500,7,2026-01-15 03:12:24.53532,
19,7,2026-01-18 23:12:28.53532,
63,7,2025-12-17 22:10:19.53532,
323,7,2025-12-05 04:42:27.53532,
88,7,2026-01-19 19:14:38.53532,
82,7,2026-01-17 23:08:56.53532,
424,7,2026-01-24 19:12:53.53532,
175,7,2025-12-16 11:38:06.53532,
100,7,2026-01-22 04:48:43.53532,
24,7,2025-11-23 20:08:40.53532,
257,7,2026-01-06 17:12:28.53532,
274,7,2026-01-13 15:09:01.53532,
219,7,2026-01-24 15:29:53.53532,
178,7,2026-01-02 15:18:23.53532,
402,7,2026-01-17 17:32:07.53532,
446,7,2025-12-28 00:43:22.53532,
183,7,2026-01-19 07:16:16.53532,
130,7,2026-01-02 00:32:08.53532,
163,7,2025-11-13 08:41:59.53532,
285,7,2025-12-31 03:01:33.53532,
231,7,2026-01-19 01:22:12.53532,
345,7,2026-01-22 21:26:32.53532,
405,7,2026-01-04 13:45:27.53532,
300,7,2025-12-23 12:04:47.53532,
40,7,2026-01-22 13:17:04.53532,
160,7,2025-11-29 01:13:09.53532,
254,7,2026-01-21 21:02:17.53532,
423,7,2026-01-24 18:26:58.53532,
477,7,2026-01-21 14:01:21.53532,
438,7,2026-01-23 01:41:04.53532,
165,7,2026-01-22 22:49:35.53532,
469,7,2025-12-08 19:30:58.53532,
103,7,2026-01-16 19:03:05.53532,
232,7,2026-01-08 14:49:32.53532,
271,7,2026-01-20 18:13:35.53532,
443,7,2025-11-09 09:51:03.53532,
306,7,2025-11-20 02:34:26.53532,
269,7,2026-01-03 17:15:31.53532,
290,7,2026-01-19 15:54:54.53532,
157,7,2026-01-11 03:13:17.53532,
50,7,2025-12-11 18:40:03.53532,
316,7,2026-01-16 20:31:04.53532,
96,7,2025-12-13 03:52:54.53532,
129,7,2025-12-19 20:58:46.53532,
112,7,2025-11-24 02:26:06.53532,
135,7,2025-12-05 15:03:56.53532,
106,7,2026-01-04 11:13:51.53532,
499,7,2026-01-09 05:57:50.53532,
488,7,2026-01-07 01:07:00.53532,
23,7,2025-12-01 21:34:11.53532,
490,7,2026-01-07 00:01:32.53532,
139,7,2025-11-14 12:44:52.53532,
282,7,2026-01-22 22:13:07.53532,
310,7,2025-12-28 05:54:58.53532,
46,7,2026-01-10 05:13:03.53532,
304,7,2026-01-05 07:59:27.53532,
179,7,2025-12-16 17:41:54.53532,
249,7,2025-12-23 20:27:47.53532,
383,7,2026-01-14 09:58:15.53532,
374,7,2026-01-20 11:24:03.53532,
142,7,2025-11-18 17:46:02.53532,
49,7,2026-01-17 01:42:26.53532,
8,7,2025-12-17 08:51:55.53532,
238,7,2026-01-10 00:51:43.53532,
33,7,2026-01-19 22:58:04.53532,
191,7,2026-01-05 14:55:51.53532,
177,7,2026-01-11 09:52:46.53532,
364,7,2026-01-09 11:05:05.53532,
214,7,2026-01-04 10:55:23.53532,
366,7,2025-12-20 06:00:16.53532,
293,7,2026-01-24 00:54:13.53532,
5,7,2026-01-19 10:56:52.53532,
289,7,2026-01-11 04:38:06.53532,
394,7,2025-12-26 03:08:17.53532,
21,7,2025-12-06 09:06:38.53532,
330,7,2026-01-11 01:38:41.53532,
176,7,2026-01-21 00:03:10.53532,
356,7,2025-11-01 02:56:39.53532,
20,7,2026-01-04 07:04:26.53532,
425,7,2026-01-17 02:51:44.53532,
234,7,2025-12-10 05:38:06.53532,
31,7,2025-12-10 00:32:58.53532,
85,7,2026-01-10 15:43:52.53532,
427,7,2026-01-16 23:05:33.53532,
448,7,2026-01-22 00:55:07.53532,
35,7,2026-01-07 15:55:15.53532,
250,7,2026-01-17 08:48:00.53532,
226,7,2026-01-24 17:40:03.53532,
399,7,2026-01-06 09:09:31.53532,
15,7,2026-01-17 18:25:46.53532,
131,7,2026-01-06 02:24:03.53532,
451,7,2025-12-09 15:59:31.53532,
297,7,2025-12-12 15:23:16.53532,
216,7,2025-12-25 11:03:44.53532,
393,7,2026-01-20 02:23:01.53532,
159,7,2026-01-15 12:33:01.53532,
294,7,2025-12-23 16:09:14.53532,
480,7,2026-01-12 06:32:15.53532,
237,7,2026-01-02 14:56:39.53532,
47,7,2025-12-19 04:21:25.53532,
295,7,2026-01-15 17:34:46.53532,
120,7,2025-12-04 00:43:07.53532,
119,7,2025-12-09 10:40:53.53532,
167,8,2025-12-16 19:40:09.53532,
32,8,2025-12-29 21:48:47.53532,
6,8,2025-12-28 06:26:50.53532,
294,8,2025-12-21 06:22:58.53532,
159,8,2026-01-18 00:36:44.53532,
333,8,2025-12-28 21:07:51.53532,
477,8,2026-01-20 06:06:51.53532,
124,8,2026-01-24 05:59:17.53532,
310,8,2026-01-10 19:17:44.53532,
423,8,2026-01-24 09:57:49.53532,
391,8,2025-12-31 14:10:44.53532,
486,8,2026-01-10 15:16:44.53532,
362,8,2025-12-02 07:13:26.53532,
24,8,2025-12-06 12:26:01.53532,
450,8,2026-01-22 23:06:27.53532,
272,8,2025-12-28 11:20:03.53532,
145,8,2025-11-15 17:59:50.53532,
154,8,2026-01-07 20:05:04.53532,
213,8,2026-01-06 12:30:01.53532,
77,8,2026-01-17 13:10:07.53532,
118,8,2026-01-15 15:46:45.53532,
301,8,2026-01-24 13:09:04.53532,
308,8,2025-12-29 09:43:38.53532,
26,8,2025-12-25 21:27:50.53532,
443,8,2026-01-12 09:33:00.53532,
73,8,2025-12-06 21:26:34.53532,
469,8,2025-12-11 21:34:43.53532,
234,8,2025-12-27 09:12:13.53532,
278,8,2026-01-02 21:05:53.53532,
27,8,2026-01-19 11:05:10.53532,
5,8,2025-12-17 23:00:47.53532,
435,8,2026-01-04 01:18:30.53532,
54,8,2025-12-08 12:42:41.53532,
472,8,2026-01-09 18:31:49.53532,
331,8,2026-01-19 17:55:54.53532,
388,8,2026-01-12 23:52:15.53532,
220,8,2026-01-19 00:03:40.53532,
466,8,2025-12-31 03:29:49.53532,
341,8,2026-01-03 09:13:07.53532,
36,8,2026-01-15 13:42:56.53532,
67,8,2025-12-20 14:26:01.53532,
276,8,2026-01-18 05:06:52.53532,
491,8,2026-01-14 01:53:57.53532,
452,8,2025-12-22 12:02:27.53532,
384,8,2026-01-03 20:06:39.53532,
117,8,2026-01-12 15:27:49.53532,
370,8,2026-01-06 23:54:58.53532,
398,8,2025-12-29 19:08:23.53532,
198,8,2026-01-10 04:23:37.53532,
101,8,2026-01-24 10:00:45.53532,
65,8,2025-12-18 14:06:49.53532,
228,8,2026-01-10 06:18:55.53532,
427,8,2026-01-10 00:20:58.53532,
4,8,2026-01-07 09:52:27.53532,
268,8,2025-12-29 16:49:26.53532,
208,8,2026-01-12 08:06:02.53532,
129,8,2025-12-30 14:42:32.53532,
192,8,2025-12-11 18:02:42.53532,
371,8,2026-01-18 10:36:24.53532,
243,8,2026-01-13 01:12:12.53532,
171,8,2025-12-21 18:23:51.53532,
431,8,2026-01-23 03:25:21.53532,
104,8,2026-01-02 16:27:20.53532,
155,8,2026-01-08 02:49:35.53532,
352,8,2026-01-10 05:25:25.53532,
495,8,2026-01-14 06:43:59.53532,
350,8,2026-01-18 08:23:24.53532,
432,8,2025-12-02 10:16:53.53532,
463,8,2026-01-12 21:20:35.53532,
361,8,2025-11-24 17:33:13.53532,
108,8,2026-01-16 16:56:19.53532,
106,8,2025-12-16 11:35:38.53532,
112,8,2025-12-19 13:36:12.53532,
87,8,2026-01-24 17:30:14.53532,
265,8,2026-01-24 19:27:13.53532,
36,9,2025-12-14 14:25:39.53532,
288,9,2026-01-15 16:06:04.53532,
176,9,2026-01-21 14:37:33.53532,
377,9,2025-12-22 12:42:21.53532,
489,9,2025-12-29 09:39:06.53532,
39,9,2025-12-18 17:01:55.53532,
354,9,2026-01-14 16:58:49.53532,
48,9,2026-01-14 11:58:04.53532,
330,9,2025-11-21 16:37:28.53532,
31,9,2026-01-07 13:34:51.53532,
45,9,2026-01-19 20:59:00.53532,
198,9,2025-12-31 12:48:57.53532,
136,9,2026-01-21 05:19:08.53532,
84,9,2025-11-28 00:49:54.53532,
358,9,2026-01-19 08:08:42.53532,
269,9,2026-01-13 21:55:26.53532,
256,9,2025-11-23 12:19:18.53532,
259,9,2025-12-16 21:48:56.53532,
311,9,2025-12-19 07:24:06.53532,
414,9,2026-01-02 04:53:00.53532,
129,9,2026-01-18 17:07:26.53532,
184,9,2026-01-24 13:47:11.53532,
21,9,2025-12-25 07:42:00.53532,
33,9,2026-01-20 21:43:14.53532,
323,9,2025-12-13 18:03:15.53532,
210,9,2026-01-17 10:09:34.53532,
65,9,2025-12-09 17:30:04.53532,
116,9,2026-01-22 09:28:49.53532,
300,9,2026-01-13 11:53:08.53532,
302,9,2026-01-19 00:46:01.53532,
337,9,2026-01-24 21:06:01.53532,
183,9,2026-01-21 19:06:42.53532,
296,9,2025-12-22 20:09:30.53532,
162,9,2025-12-05 13:15:45.53532,
224,9,2026-01-24 20:48:49.53532,
491,9,2026-01-15 03:37:07.53532,
22,9,2026-01-09 23:39:44.53532,
389,9,2026-01-23 07:46:46.53532,
473,9,2025-12-24 16:32:52.53532,
60,9,2025-11-11 14:55:09.53532,
283,9,2025-12-26 19:38:19.53532,
10,9,2025-10-28 09:12:04.53532,
66,9,2026-01-04 17:14:13.53532,
135,9,2026-01-05 16:20:09.53532,
392,9,2026-01-11 15:03:32.53532,
182,9,2026-01-02 02:14:21.53532,
361,9,2026-01-01 21:43:56.53532,
62,9,2026-01-08 22:32:08.53532,
126,9,2026-01-13 10:08:40.53532,
417,9,2026-01-20 15:25:44.53532,
106,9,2025-12-18 20:44:45.53532,
449,9,2026-01-14 20:32:39.53532,
233,9,2026-01-16 23:29:57.53532,
20,9,2025-12-20 04:14:01.53532,
100,9,2025-12-30 05:42:12.53532,
42,9,2026-01-09 00:45:29.53532,
403,9,2026-01-17 12:35:50.53532,
306,9,2025-11-20 12:10:37.53532,
266,9,2026-01-18 12:34:22.53532,
373,9,2026-01-20 06:33:19.53532,
218,9,2025-12-16 15:29:30.53532,
61,9,2025-11-20 06:01:32.53532,
44,9,2026-01-09 21:10:20.53532,
178,9,2026-01-20 12:46:48.53532,
366,9,2025-10-30 14:07:24.53532,
220,9,2025-11-24 19:08:59.53532,
344,9,2026-01-01 20:27:26.53532,
461,9,2025-11-15 09:36:32.53532,
107,9,2026-01-06 19:39:13.53532,
211,9,2026-01-13 02:03:36.53532,
7,9,2025-12-20 03:09:26.53532,
206,9,2026-01-19 18:11:55.53532,
285,9,2025-12-10 11:11:50.53532,
46,9,2026-01-11 12:32:30.53532,
395,9,2025-11-16 15:19:27.53532,
30,9,2026-01-07 20:55:01.53532,
359,9,2026-01-21 12:50:22.53532,
435,9,2026-01-16 15:23:04.53532,
411,9,2026-01-07 13:22:20.53532,
430,9,2026-01-24 18:51:54.53532,
19,9,2025-11-28 22:42:49.53532,
340,9,2025-12-14 08:13:54.53532,
475,9,2026-01-18 22:58:07.53532,
170,9,2026-01-21 21:31:29.53532,
294,9,2026-01-07 07:08:44.53532,
80,9,2025-12-16 21:37:58.53532,
124,9,2026-01-20 07:14:38.53532,
91,9,2025-12-15 10:40:29.53532,
215,9,2025-11-29 04:37:04.53532,
438,9,2025-12-18 22:39:49.53532,
270,9,2026-01-16 23:36:48.53532,
249,9,2025-11-22 03:34:41.53532,
485,9,2026-01-19 20:13:48.53532,
404,9,2025-12-22 11:40:18.53532,
481,9,2026-01-16 02:01:24.53532,
492,9,2026-01-24 03:10:02.53532,
73,9,2026-01-21 18:02:47.53532,
292,9,2025-11-20 08:07:24.53532,
203,9,2025-11-06 20:16:35.53532,
130,9,2025-12-29 14:17:49.53532,
412,9,2025-12-20 03:05:18.53532,
351,9,2026-01-24 04:50:41.53532,
223,9,2025-12-08 18:32:02.53532,
173,9,2026-01-21 00:56:04.53532,
228,9,2026-01-24 09:38:29.53532,
498,9,2026-01-23 17:41:13.53532,
494,9,2025-12-30 07:07:06.53532,
281,9,2026-01-12 22:23:51.53532,
169,9,2025-11-25 17:46:00.53532,
102,9,2026-01-21 12:55:31.53532,
401,9,2025-12-27 06:01:23.53532,
82,9,2026-01-24 03:38:19.53532,
103,9,2026-01-14 13:17:20.53532,
8,9,2026-01-15 22:26:55.53532,
148,9,2026-01-21 06:34:47.53532,
500,9,2026-01-13 10:52:09.53532,
153,9,2026-01-16 11:11:34.53532,
408,9,2025-12-24 22:07:26.53532,
493,9,2026-01-16 11:17:50.53532,
213,9,2026-01-03 12:27:00.53532,
1,9,2026-01-08 04:17:34.53532,
384,9,2026-01-13 05:25:50.53532,
35,9,2026-01-06 23:13:29.53532,
163,9,2025-11-10 22:57:56.53532,
250,9,2026-01-12 11:44:26.53532,
18,9,2026-01-24 01:25:57.53532,
83,9,2026-01-21 16:58:35.53532,
230,9,2025-12-20 21:44:17.53532,
240,9,2025-11-07 17:49:25.53532,
415,9,2026-01-22 14:07:37.53532,
267,9,2026-01-05 11:15:33.53532,
115,9,2026-01-16 23:55:40.53532,
197,9,2025-12-27 05:02:49.53532,
273,9,2026-01-24 09:49:25.53532,
289,9,2025-11-26 16:00:33.53532,
149,9,2026-01-02 07:16:01.53532,
40,9,2026-01-21 21:08:52.53532,
95,9,2025-12-14 00:21:29.53532,
133,9,2026-01-08 23:44:01.53532,
439,9,2026-01-21 10:44:17.53532,
394,9,2026-01-23 17:37:06.53532,
69,9,2026-01-19 02:35:55.53532,
114,9,2026-01-18 01:29:17.53532,
440,9,2026-01-10 09:08:56.53532,
434,9,2025-12-16 23:50:20.53532,
458,9,2026-01-21 09:13:17.53532,
297,9,2026-01-05 19:42:51.53532,
5,9,2026-01-04 10:33:17.53532,
141,9,2025-12-19 05:18:50.53532,
128,9,2025-12-18 22:30:20.53532,
421,9,2026-01-24 00:12:11.53532,
78,9,2025-12-23 14:39:11.53532,
244,9,2026-01-13 13:22:23.53532,
324,9,2025-12-27 13:30:27.53532,
212,9,2026-01-18 05:04:15.53532,
238,9,2026-01-04 19:34:34.53532,
263,9,2025-12-30 05:22:34.53532,
89,9,2026-01-20 17:02:05.53532,
450,9,2026-01-19 04:22:06.53532,
474,9,2026-01-06 02:34:07.53532,
448,9,2026-01-22 19:23:07.53532,
350,9,2025-12-14 17:04:09.53532,
455,9,2026-01-24 09:07:32.53532,
346,9,2026-01-20 14:44:20.53532,
222,9,2026-01-17 15:42:41.53532,
433,9,2026-01-09 17:50:40.53532,
422,9,2026-01-18 09:07:27.53532,
255,9,2025-12-17 16:39:27.53532,
88,9,2026-01-09 18:57:34.53532,
463,9,2025-12-05 09:07:05.53532,
154,9,2025-12-23 01:30:57.53532,
445,9,2025-12-28 22:11:20.53532,
364,10,2026-01-20 10:03:21.53532,
450,10,2026-01-17 15:26:13.53532,
230,10,2025-11-05 19:12:00.53532,
447,10,2026-01-24 17:01:21.53532,
449,10,2026-01-02 19:12:33.53532,
314,10,2026-01-18 17:59:18.53532,
179,10,2025-12-31 11:35:51.53532,
208,10,2026-01-17 16:59:48.53532,
437,10,2025-12-14 14:46:25.53532,
324,10,2025-12-26 21:53:17.53532,
477,10,2026-01-19 03:48:28.53532,
24,10,2025-12-13 04:47:07.53532,
96,10,2025-12-25 18:32:19.53532,
353,10,2025-12-31 14:18:28.53532,
11,10,2025-12-24 12:18:01.53532,
187,10,2025-12-06 00:19:41.53532,
229,10,2026-01-11 22:35:58.53532,
383,10,2026-01-16 02:18:12.53532,
49,10,2026-01-09 12:43:54.53532,
239,10,2026-01-19 23:12:49.53532,
88,10,2026-01-12 22:50:32.53532,
77,10,2025-11-13 08:28:52.53532,
211,10,2025-12-22 02:24:03.53532,
330,10,2025-11-20 17:53:27.53532,
300,10,2025-12-29 01:06:07.53532,
188,10,2026-01-02 12:10:00.53532,
253,10,2026-01-12 20:44:50.53532,
354,10,2025-12-29 08:14:17.53532,
225,10,2025-12-31 11:10:45.53532,
95,10,2025-12-12 17:15:33.53532,
464,10,2026-01-15 14:02:16.53532,
347,10,2026-01-09 01:52:13.53532,
401,10,2025-12-29 06:56:32.53532,
84,10,2026-01-12 16:09:07.53532,
462,10,2026-01-13 18:57:17.53532,
255,10,2025-11-25 01:23:32.53532,
328,10,2026-01-12 06:54:03.53532,
385,10,2026-01-19 19:13:49.53532,
479,10,2025-12-29 14:44:30.53532,
209,10,2025-11-30 17:22:32.53532,
439,10,2026-01-20 21:33:50.53532,
491,10,2025-11-17 20:46:55.53532,
429,10,2026-01-11 00:27:55.53532,
388,10,2025-12-20 08:14:35.53532,
220,10,2025-12-05 20:54:25.53532,
252,10,2026-01-03 15:02:34.53532,
194,10,2026-01-10 17:47:38.53532,
68,10,2026-01-20 19:25:07.53532,
288,10,2026-01-19 01:20:11.53532,
221,10,2026-01-23 00:42:54.53532,
471,10,2026-01-21 01:13:25.53532,
310,10,2026-01-13 09:51:51.53532,
203,10,2025-12-08 20:03:39.53532,
80,10,2026-01-13 09:14:53.53532,
236,10,2025-12-10 10:39:56.53532,
268,10,2026-01-21 14:53:45.53532,
233,10,2026-01-19 15:12:31.53532,
381,10,2025-12-31 22:48:07.53532,
76,10,2026-01-22 02:43:18.53532,
102,10,2026-01-02 23:41:02.53532,
465,10,2025-12-31 07:57:48.53532,
139,10,2025-11-29 20:31:31.53532,
312,10,2025-12-19 01:16:31.53532,
459,10,2026-01-14 00:20:51.53532,
319,10,2025-11-13 09:11:52.53532,
342,10,2025-11-18 10:39:52.53532,
443,10,2025-11-10 05:19:58.53532,
54,10,2025-11-13 11:19:16.53532,
231,10,2026-01-20 16:19:38.53532,
404,10,2025-12-03 22:01:17.53532,
322,10,2025-12-05 01:19:23.53532,
357,10,2026-01-16 11:55:20.53532,
111,10,2025-12-23 13:15:08.53532,
261,10,2026-01-15 19:33:19.53532,
339,10,2026-01-24 18:54:25.53532,
455,10,2025-12-27 02:29:37.53532,
279,10,2026-01-15 17:08:24.53532,
182,10,2025-12-29 19:03:36.53532,
192,10,2025-12-15 06:29:34.53532,
13,10,2026-01-24 12:23:11.53532,
89,10,2025-12-21 07:26:01.53532,
157,10,2026-01-20 08:16:33.53532,
298,10,2026-01-09 10:36:54.53532,
487,10,2025-12-26 03:25:36.53532,
295,10,2026-01-23 18:57:34.53532,
98,10,2026-01-22 23:33:54.53532,
25,10,2026-01-20 08:42:28.53532,
352,10,2026-01-02 10:34:33.53532,
142,10,2026-01-09 07:39:26.53532,
175,10,2025-11-21 11:13:56.53532,
118,10,2026-01-01 21:22:13.53532,
64,10,2026-01-12 21:21:58.53532,
93,10,2026-01-19 19:14:01.53532,
467,10,2025-12-16 14:15:17.53532,
168,10,2026-01-13 19:07:00.53532,
100,10,2026-01-05 11:17:49.53532,
379,10,2026-01-22 15:18:43.53532,
87,10,2026-01-11 21:55:05.53532,
7,10,2025-12-25 04:01:36.53532,
360,10,2026-01-17 04:14:24.53532,
431,10,2026-01-24 02:46:15.53532,
39,10,2025-12-25 05:56:25.53532,
136,10,2026-01-11 06:42:08.53532,
117,10,2026-01-02 07:00:14.53532,
304,10,2026-01-18 22:12:43.53532,
480,10,2026-01-18 04:35:24.53532,
245,10,2025-12-28 22:44:21.53532,
391,10,2026-01-20 04:41:12.53532,
164,10,2025-12-15 01:39:51.53532,
12,10,2026-01-01 15:25:27.53532,
457,10,2025-12-04 10:11:01.53532,
110,10,2026-01-13 20:06:40.53532,
303,10,2025-12-20 13:27:02.53532,
271,10,2025-12-25 00:39:05.53532,
377,10,2025-12-03 05:00:35.53532,
481,10,2026-01-05 12:36:36.53532,
128,10,2026-01-12 01:22:10.53532,
345,10,2026-01-23 06:26:37.53532,
472,10,2025-12-23 05:17:06.53532,
313,10,2026-01-14 14:45:41.53532,
101,10,2026-01-14 00:22:06.53532,
97,10,2025-11-26 20:57:01.53532,
281,10,2026-01-09 14:57:13.53532,
183,10,2026-01-12 23:52:04.53532,
150,10,2026-01-13 16:13:49.53532,
305,10,2025-12-20 02:50:42.53532,
216,10,2025-11-20 00:47:40.53532,
156,10,2026-01-22 19:13:09.53532,
267,10,2026-01-12 17:58:57.53532,
390,10,2026-01-16 09:27:32.53532,
302,10,2026-01-15 06:00:04.53532,
190,10,2026-01-18 06:12:20.53532,
